date,fund,fund_scope,fund_level_ntd,fund_level_100m_ntd,reported_fund_level_ntd,taiwan_registered_population,labor_insurance_old_age_pension_recipients,source_title,source_url,population_source_url,pension_recipients_source_url
2008-12,勞工保險基金,普通事故及職業災害保險,214447226617,2144.4723,,23037031,0,12月,https://www.blf.gov.tw/media/0xfp4ojp/d-library-downloads-blf_cht_file_20170316-sitebuilderuploads-963-864e8fec0c637f86fe5bc16a3a3ba97f.pdf?mediaDL=true,https://www.ris.gov.tw/info-popudata/app/awFastDownload/toMain_panel,https://www.bli.gov.tw/0105220.html
2009-01,勞工保險基金,普通事故及職業災害保險,200243829119,2002.4383,,23046177,0,1月,https://www.blf.gov.tw/media/mlrjsejf/d-library-downloads-blf_cht_file_20170316-sitebuilderuploads-946-a06147cff8222bc6c2b82df2a4beecce.pdf?mediaDL=true,https://www.ris.gov.tw/info-popudata/app/awFastDownload/toMain_panel,https://www.bli.gov.tw/0105220.html
2009-02,勞工保險基金,普通事故及職業災害保險,193961295769,1939.613,,23049407,18159,2月,https://www.blf.gov.tw/media/lvaj0dkx/d-library-downloads-blf_cht_file_20170316-sitebuilderuploads-947-c998d2f96efc7832355b4d33d6f2c9db.pdf?mediaDL=true,https://www.ris.gov.tw/info-popudata/app/awFastDownload/toMain_panel,https://events.bli.gov.tw/report/attachment_file/report/month/09802/a12010.csv
2009-03,勞工保險基金,普通事故及職業災害保險,192729506302,1927.2951,,23058550,27295,3月,https://www.blf.gov.tw/media/ruhj0khx/d-library-downloads-blf_cht_file_20170316-sitebuilderuploads-948-106b544a8d081146de364bac0eda8edb.pdf?mediaDL=true,https://www.ris.gov.tw/info-popudata/app/awFastDownload/toMain_panel,https://events.bli.gov.tw/report/attachment_file/report/month/09803/a12010.csv
2009-04,勞工保險基金,普通事故及職業災害保險,195198099036,1951.981,,23059339,34298,4月,https://www.blf.gov.tw/media/hxqh0u3g/d-library-downloads-blf_cht_file_20170316-sitebuilderuploads-949-212cf65e88d31a49dff6deb8ed95cb0e.pdf?mediaDL=true,https://www.ris.gov.tw/info-popudata/app/awFastDownload/toMain_panel,https://events.bli.gov.tw/report/attachment_file/report/month/09804/a12010.csv
2009-05,勞工保險基金,普通事故及職業災害保險,236094119374,2360.9412,,23063027,39286,5月,https://www.blf.gov.tw/media/tjlmg5n5/d-library-downloads-blf_cht_file_20170316-sitebuilderuploads-953-a9a1efcdbcb765b2708d3b7e1e7001af.pdf?mediaDL=true,https://www.ris.gov.tw/info-popudata/app/awFastDownload/toMain_panel,https://events.bli.gov.tw/report/attachment_file/report/month/09805/a12010.csv
2009-06,勞工保險基金,普通事故及職業災害保險,241376009281,2413.7601,,23069345,42534,6月,https://www.blf.gov.tw/media/4vghpjlj/d-library-downloads-blf_cht_file_20170316-sitebuilderuploads-954-eee6f7743e20a3434de17f1f586f962a.pdf?mediaDL=true,https://www.ris.gov.tw/info-popudata/app/awFastDownload/toMain_panel,https://events.bli.gov.tw/report/attachment_file/report/month/09806/a12010.csv
2009-07,勞工保險基金,普通事故及職業災害保險,254710759933,2547.1076,,23077191,47362,7月,https://www.blf.gov.tw/media/xkddqm2f/d-library-downloads-blf_cht_file_20170316-sitebuilderuploads-955-db47b17d9ce3d375ff874ca19240a7a6.pdf?mediaDL=true,https://www.ris.gov.tw/info-popudata/app/awFastDownload/toMain_panel,https://events.bli.gov.tw/report/attachment_file/report/month/09807/a12010.csv
2009-08,勞工保險基金,普通事故及職業災害保險,260083291870,2600.8329,,23082125,51489,8月,https://www.blf.gov.tw/media/jmwfaaz1/d-library-downloads-blf_cht_file_20170316-sitebuilderuploads-956-b2090505d106084493189f2e66aac4a5.pdf?mediaDL=true,https://www.ris.gov.tw/info-popudata/app/awFastDownload/toMain_panel,https://events.bli.gov.tw/report/attachment_file/report/month/09808/a12010.csv
2009-09,勞工保險基金,普通事故及職業災害保險,271165346493,2711.6535,,23086441,54767,9月,https://www.blf.gov.tw/media/vo2bcme5/d-library-downloads-blf_cht_file_20170316-sitebuilderuploads-957-b482b472142ea92a9df84dda80f19553.pdf?mediaDL=true,https://www.ris.gov.tw/info-popudata/app/awFastDownload/toMain_panel,https://events.bli.gov.tw/report/attachment_file/report/month/09809/a12010.csv
2009-10,勞工保險基金,普通事故及職業災害保險,274708851397,2747.0885,,23098049,58569,10月,https://www.blf.gov.tw/media/lp4hyc1g/d-library-downloads-blf_cht_file_20170316-sitebuilderuploads-958-1e1fa4ce634102e6b1fc4a8d1004025f.pdf?mediaDL=true,https://www.ris.gov.tw/info-popudata/app/awFastDownload/toMain_panel,https://events.bli.gov.tw/report/attachment_file/report/month/09810/a12010.csv
2009-11,勞工保險基金,普通事故及職業災害保險,283447744154,2834.4774,,23109141,62270,11月,https://www.blf.gov.tw/media/td1l3hoy/d-library-downloads-blf_cht_file_20170316-sitebuilderuploads-959-18d555c6d51f91f867cccb6780ba2e5c.pdf?mediaDL=true,https://www.ris.gov.tw/info-popudata/app/awFastDownload/toMain_panel,https://events.bli.gov.tw/report/attachment_file/report/month/09811/a12010.csv
2009-12,勞工保險基金,普通事故及職業災害保險,296607797498,2966.078,,23119772,65632,12月,https://www.blf.gov.tw/media/bcwjgduj/d-library-downloads-blf_cht_file_20170316-sitebuilderuploads-960-840df2476182cb65713223126a4376ee.pdf?mediaDL=true,https://www.ris.gov.tw/info-popudata/app/awFastDownload/toMain_panel,https://events.bli.gov.tw/report/attachment_file/report/month/09812/a12010.csv
2010-01,勞工保險基金,普通事故及職業災害保險,293714687760,2937.1469,,23124514,71067,1月,https://www.blf.gov.tw/media/todnivxt/d-library-downloads-blf_cht_file_20170316-sitebuilderuploads-1001-14ecca517e609010d8332b71546b39fa.pdf?mediaDL=true,https://www.ris.gov.tw/info-popudata/app/awFastDownload/toMain_panel,https://events.bli.gov.tw/report/attachment_file/report/month/09901/a12010.csv
2010-02,勞工保險基金,普通事故及職業災害保險,297199851655,2971.9985,,23127845,75078,2月,https://www.blf.gov.tw/media/iynf5uvy/d-library-downloads-blf_cht_file_20170316-sitebuilderuploads-1002-60799e97fa058aec3c36f6bbb07c481d.pdf?mediaDL=true,https://www.ris.gov.tw/info-popudata/app/awFastDownload/toMain_panel,https://events.bli.gov.tw/report/attachment_file/report/month/09902/a12010.csv
2010-03,勞工保險基金,普通事故及職業災害保險,308274114977,3082.7411,,23131093,77844,3月,https://www.blf.gov.tw/media/uu5okmrc/d-library-downloads-blf_cht_file_20170316-sitebuilderuploads-1003-c68a5c3dd8e528734628381dde1712a9.pdf?mediaDL=true,https://www.ris.gov.tw/info-popudata/app/awFastDownload/toMain_panel,https://events.bli.gov.tw/report/attachment_file/report/month/09903/a12010.csv
2010-04,勞工保險基金,普通事故及職業災害保險,315752007093,3157.5201,,23133074,83173,4月,https://www.blf.gov.tw/media/21vcncjc/d-library-downloads-blf_cht_file_20170316-sitebuilderuploads-1004-2139b1906f9142ec48ce4188637b1e7b.pdf?mediaDL=true,https://www.ris.gov.tw/info-popudata/app/awFastDownload/toMain_panel,https://events.bli.gov.tw/report/attachment_file/report/month/09904/a12010.csv
2010-05,勞工保險基金,普通事故及職業災害保險,318432626083,3184.3263,,23135715,87830,5月,https://www.blf.gov.tw/media/cxefrnew/d-library-downloads-blf_cht_file_20170316-sitebuilderuploads-1005-e0bcd4d83ba57ec3cbc59d833781249b.pdf?mediaDL=true,https://www.ris.gov.tw/info-popudata/app/awFastDownload/toMain_panel,https://events.bli.gov.tw/report/attachment_file/report/month/09905/a12010.csv
2010-06,勞工保險基金,普通事故及職業災害保險,322811978170,3228.1198,,23138381,91749,6月,https://www.blf.gov.tw/media/ag2pdwxk/d-library-downloads-blf_cht_file_20170316-sitebuilderuploads-1006-2fe3800b1515a1a31b0f0bd1f8bccec6.pdf?mediaDL=true,https://www.ris.gov.tw/info-popudata/app/awFastDownload/toMain_panel,https://events.bli.gov.tw/report/attachment_file/report/month/09906/a12010.csv
2010-07,勞工保險基金,普通事故及職業災害保險,333803046912,3338.0305,,23142460,97383,7月,https://www.blf.gov.tw/media/zwtlurvi/d-library-downloads-blf_cht_file_20170316-sitebuilderuploads-1007-87e26366404188f7d502231fe7db370d.pdf?mediaDL=true,https://www.ris.gov.tw/info-popudata/app/awFastDownload/toMain_panel,https://events.bli.gov.tw/report/attachment_file/report/month/09907/a12010.csv
2010-08,勞工保險基金,普通事故及職業災害保險,339726940182,3397.2694,,23145020,102008,8月,https://www.blf.gov.tw/media/rxjdqphd/d-library-downloads-blf_cht_file_20170316-sitebuilderuploads-1008-664a06a4cea37348d1ebc23c33fceef5.pdf?mediaDL=true,https://www.ris.gov.tw/info-popudata/app/awFastDownload/toMain_panel,https://events.bli.gov.tw/report/attachment_file/report/month/09908/a12010.csv
2010-09,勞工保險基金,普通事故及職業災害保險,354449539387,3544.4954,,23146090,106208,9月,https://www.blf.gov.tw/media/zgwp4y4p/d-library-downloads-blf_cht_file_20170316-sitebuilderuploads-1010-b02291c11dae88f8d5075cb4f4d8ef70.pdf?mediaDL=true,https://www.ris.gov.tw/info-popudata/app/awFastDownload/toMain_panel,https://events.bli.gov.tw/report/attachment_file/report/month/09909/a12010.csv
2010-10,勞工保險基金,普通事故及職業災害保險,360785548529,3607.8555,,23150923,110496,10月,https://www.blf.gov.tw/media/3afd3dpr/d-library-downloads-blf_cht_file_20170316-sitebuilderuploads-1011-c179ced2b88450af63d35a093343eaae.pdf?mediaDL=true,https://www.ris.gov.tw/info-popudata/app/awFastDownload/toMain_panel,https://events.bli.gov.tw/report/attachment_file/report/month/09910/a12010.csv
2010-11,勞工保險基金,普通事故及職業災害保險,366092946602,3660.9295,,23157178,114394,11月,https://www.blf.gov.tw/media/zayho0x3/d-library-downloads-blf_cht_file_20170316-sitebuilderuploads-1012-9a6b5ee2897400dfde14e7d4f8437069.pdf?mediaDL=true,https://www.ris.gov.tw/info-popudata/app/awFastDownload/toMain_panel,https://events.bli.gov.tw/report/attachment_file/report/month/09911/a12010.csv
2010-12,勞工保險基金,普通事故及職業災害保險,376717475852,3767.1748,,23162123,118502,12月,https://www.blf.gov.tw/media/x0tamwrc/d-library-downloads-blf_cht_file_20170316-sitebuilderuploads-1013-33a186efc66589d22355a69f411fa7b4.pdf?mediaDL=true,https://www.ris.gov.tw/info-popudata/app/awFastDownload/toMain_panel,https://events.bli.gov.tw/report/attachment_file/report/month/09912/a12010.csv
2011-01,勞工保險基金,普通事故及職業災害保險,380864430253,3808.6443,,23164628,125931,1月,https://www.blf.gov.tw/media/te4onxf1/d-library-downloads-blf_cht_file_20170316-sitebuilderuploads-987-c0f1c42871f15c3e2a322de17d860007.pdf?mediaDL=true,https://www.ris.gov.tw/info-popudata/app/awFastDownload/toMain_panel,https://events.bli.gov.tw/report/attachment_file/report/month/10001/a12010.csv
2011-02,勞工保險基金,普通事故及職業災害保險,388772685580,3887.7269,,23164457,130912,2月,https://www.blf.gov.tw/media/l1ahtgda/d-library-downloads-blf_cht_file_20170316-sitebuilderuploads-988-ee206990c8f31cb7415eeb95b26a9436.pdf?mediaDL=true,https://www.ris.gov.tw/info-popudata/app/awFastDownload/toMain_panel,https://events.bli.gov.tw/report/attachment_file/report/month/10002/a12010.csv
2011-03,勞工保險基金,普通事故及職業災害保險,396820304811,3968.203,,23165878,134667,3月,https://www.blf.gov.tw/media/o2pg5kla/d-library-downloads-blf_cht_file_20170316-sitebuilderuploads-989-05dfb103f445a20fba7884fa4eaa9d1a.pdf?mediaDL=true,https://www.ris.gov.tw/info-popudata/app/awFastDownload/toMain_panel,https://events.bli.gov.tw/report/attachment_file/report/month/10003/a12010.csv
2011-04,勞工保險基金,普通事故及職業災害保險,408425305040,4084.2531,,23170321,141591,4月,https://www.blf.gov.tw/media/it2js0wo/d-library-downloads-blf_cht_file_20170316-sitebuilderuploads-990-47f5b2acb67e5d9e995253e93cd20cb4.pdf?mediaDL=true,https://www.ris.gov.tw/info-popudata/app/awFastDownload/toMain_panel,https://events.bli.gov.tw/report/attachment_file/report/month/10004/a12010.csv
2011-05,勞工保險基金,普通事故及職業災害保險,418515950853,4185.1595,,23174528,146591,5月,https://www.blf.gov.tw/media/rkqjcicf/d-library-downloads-blf_cht_file_20170316-sitebuilderuploads-991-7d79d0eaf4609927decd5837dbcd1875.pdf?mediaDL=true,https://www.ris.gov.tw/info-popudata/app/awFastDownload/toMain_panel,https://events.bli.gov.tw/report/attachment_file/report/month/10005/a12010.csv
2011-06,勞工保險基金,普通事故及職業災害保險,425716083395,4257.1608,,23180477,151819,6月,https://www.blf.gov.tw/media/rs0pa0sd/d-library-downloads-blf_cht_file_20170316-sitebuilderuploads-992-f4770a48116e635b72ef62e2174f6a4e.pdf?mediaDL=true,https://www.ris.gov.tw/info-popudata/app/awFastDownload/toMain_panel,https://events.bli.gov.tw/report/attachment_file/report/month/10006/a12010.csv
2011-07,勞工保險基金,普通事故及職業災害保險,433968825822,4339.6883,,23188078,158944,7月,https://www.blf.gov.tw/media/xz2kuokh/d-library-downloads-blf_cht_file_20170316-sitebuilderuploads-993-d6df7f99afe716f3f22ed286bcbf2e25.pdf?mediaDL=true,https://www.ris.gov.tw/info-popudata/app/awFastDownload/toMain_panel,https://events.bli.gov.tw/report/attachment_file/report/month/10007/a12010.csv
2011-08,勞工保險基金,普通事故及職業災害保險,429084040646,4290.8404,,23193638,164686,8月,https://www.blf.gov.tw/media/00fiqyg1/d-library-downloads-blf_cht_file_20170316-sitebuilderuploads-994-2d534b6ecbe77f12bdf3c98fcdc73eba.pdf?mediaDL=true,https://www.ris.gov.tw/info-popudata/app/awFastDownload/toMain_panel,https://events.bli.gov.tw/report/attachment_file/report/month/10008/a12010.csv
2011-09,勞工保險基金,普通事故及職業災害保險,429815822633,4298.1582,,23197947,170547,9月,https://www.blf.gov.tw/media/k4tje11l/d-library-downloads-blf_cht_file_20170316-sitebuilderuploads-995-521ab46433824b29e149985c838309eb.pdf?mediaDL=true,https://www.ris.gov.tw/info-popudata/app/awFastDownload/toMain_panel,https://events.bli.gov.tw/report/attachment_file/report/month/10009/a12010.csv
2011-10,勞工保險基金,普通事故及職業災害保險,445253958224,4452.5396,,23205605,177302,10月,https://www.blf.gov.tw/media/ynrlmlgc/d-library-downloads-blf_cht_file_20170316-sitebuilderuploads-996-ae35bbc389579bc18d6db2ae133a6071.pdf?mediaDL=true,https://www.ris.gov.tw/info-popudata/app/awFastDownload/toMain_panel,https://events.bli.gov.tw/report/attachment_file/report/month/10010/a12010.csv
2011-11,勞工保險基金,普通事故及職業災害保險,445274015114,4452.7402,,23214620,183053,11月,https://www.blf.gov.tw/media/05zbx2lg/d-library-downloads-blf_cht_file_20170316-sitebuilderuploads-997-392a78a8d214d4e64dd90616e41ae4bb.pdf?mediaDL=true,https://www.ris.gov.tw/info-popudata/app/awFastDownload/toMain_panel,https://events.bli.gov.tw/report/attachment_file/report/month/10011/a12010.csv
2011-12,勞工保險基金,普通事故及職業災害保險,451985984518,4519.8598,,23224912,188716,12月,https://www.blf.gov.tw/media/ukbjbgan/d-library-downloads-blf_cht_file_20170316-sitebuilderuploads-998-776d5cbfd453b78fc8a93126382dcb93.pdf?mediaDL=true,https://www.ris.gov.tw/info-popudata/app/awFastDownload/toMain_panel,https://events.bli.gov.tw/report/attachment_file/report/month/10012/a12010.csv
2012-01,勞工保險基金,普通事故及職業災害保險,472861950826,4728.6195,,23230506,198131,1月,https://www.blf.gov.tw/media/tygfhmet/d-library-downloads-blf_cht_file_20170316-sitebuilderuploads-964-ec8ad30adddec4685a2dc2701f525a0f.pdf?mediaDL=true,https://www.ris.gov.tw/info-popudata/app/awFastDownload/toMain_panel,https://events.bli.gov.tw/report/attachment_file/report/month/10101/a12010.csv
2012-02,勞工保險基金,普通事故及職業災害保險,489219873378,4892.1987,,23234003,204653,2月,https://www.blf.gov.tw/media/jq0fxnho/d-library-downloads-blf_cht_file_20170316-sitebuilderuploads-969-bc03f9791e87aad21213d9c3f06524ef.pdf?mediaDL=true,https://www.ris.gov.tw/info-popudata/app/awFastDownload/toMain_panel,https://events.bli.gov.tw/report/attachment_file/report/month/10102/a12010.csv
2012-03,勞工保險基金,普通事故及職業災害保險,497663029835,4976.6303,,23239268,211677,3月,https://www.blf.gov.tw/media/4lzbesbq/d-library-downloads-blf_cht_file_20170316-sitebuilderuploads-968-804b4605d1e52a16fce0d3ac8036095d.pdf?mediaDL=true,https://www.ris.gov.tw/info-popudata/app/awFastDownload/toMain_panel,https://events.bli.gov.tw/report/attachment_file/report/month/10103/a12010.csv
2012-04,勞工保險基金,普通事故及職業災害保險,501749910368,5017.4991,,23245018,220695,4月,https://www.blf.gov.tw/media/yd2cjer3/d-library-downloads-blf_cht_file_20170316-sitebuilderuploads-967-a8e1f15438637d71554556d898838308.pdf?mediaDL=true,https://www.ris.gov.tw/info-popudata/app/awFastDownload/toMain_panel,https://events.bli.gov.tw/report/attachment_file/report/month/10104/a12010.csv
2012-05,勞工保險基金,普通事故及職業災害保險,503047578953,5030.4758,,23252392,228483,5月,https://www.blf.gov.tw/media/ozmp4ovv/d-library-downloads-blf_cht_file_20170316-sitebuilderuploads-970-7fafbbd552bbd89a1bbe56860d34b90f.pdf?mediaDL=true,https://www.ris.gov.tw/info-popudata/app/awFastDownload/toMain_panel,https://events.bli.gov.tw/report/attachment_file/report/month/10105/a12010.csv
2012-06,勞工保險基金,普通事故及職業災害保險,517837730336,5178.3773,,23261747,235656,6月,https://www.blf.gov.tw/media/4yefbki1/d-library-downloads-blf_cht_file_20170316-sitebuilderuploads-971-451cf8bd6b576683f78670c26c4eb3b6.pdf?mediaDL=true,https://www.ris.gov.tw/info-popudata/app/awFastDownload/toMain_panel,https://events.bli.gov.tw/report/attachment_file/report/month/10106/a12010.csv
2012-07,勞工保險基金,普通事故及職業災害保險,523886193674,5238.8619,,23268372,243976,7月,https://www.blf.gov.tw/media/fo5fxmk1/d-library-downloads-blf_cht_file_20170316-sitebuilderuploads-972-3e9a01e10876d706764779228980f99c.pdf?mediaDL=true,https://www.ris.gov.tw/info-popudata/app/awFastDownload/toMain_panel,https://events.bli.gov.tw/report/attachment_file/report/month/10107/a12010.csv
2012-08,勞工保險基金,普通事故及職業災害保險,536240485299,5362.4049,,23276441,252904,8月,https://www.blf.gov.tw/media/0djkjyyz/d-library-downloads-blf_cht_file_20170316-sitebuilderuploads-973-6407e1c531b6c1f5e9f548c0dc473f88.pdf?mediaDL=true,https://www.ris.gov.tw/info-popudata/app/awFastDownload/toMain_panel,https://events.bli.gov.tw/report/attachment_file/report/month/10108/a12010.csv
2012-09,勞工保險基金,普通事故及職業災害保險,546865436842,5468.6544,,23282670,260566,9月,https://www.blf.gov.tw/media/klsdkkr3/d-library-downloads-blf_cht_file_20170316-sitebuilderuploads-974-04bbc1fc1efd8259a2b19e30a6992c04.pdf?mediaDL=true,https://www.ris.gov.tw/info-popudata/app/awFastDownload/toMain_panel,https://events.bli.gov.tw/report/attachment_file/report/month/10109/a12010.csv
2012-10,勞工保險基金,普通事故及職業災害保險,534692653749,5346.9265,,23293593,269865,10月,https://www.blf.gov.tw/media/sdeemi4h/d-library-downloads-blf_cht_file_20170316-sitebuilderuploads-975-fb5c8ee2b37ec6c6e55a1d7dde90826a.pdf?mediaDL=true,https://www.ris.gov.tw/info-popudata/app/awFastDownload/toMain_panel,https://events.bli.gov.tw/report/attachment_file/report/month/10110/a12010.csv
2012-11,勞工保險基金,普通事故及職業災害保險,507799643822,5077.9964,,23305021,293322,11月,https://www.blf.gov.tw/media/ljco3zu1/1勞保基金規模-投資績效及資產配置.pdf?mediaDL=true,https://www.ris.gov.tw/info-popudata/app/awFastDownload/toMain_panel,https://events.bli.gov.tw/report/attachment_file/report/month/10111/a12010.csv
2012-12,勞工保險基金,普通事故及職業災害保險,484531774943,4845.3177,,23315822,318973,12月,https://www.blf.gov.tw/media/f1af1lfw/d-library-downloads-blf_cht_file_20170316-sitebuilderuploads-977-7839258b34dc4c30f08759e65f7a107f.pdf?mediaDL=true,https://www.ris.gov.tw/info-popudata/app/awFastDownload/toMain_panel,https://events.bli.gov.tw/report/attachment_file/report/month/10112/a12010.csv
2013-01,勞工保險基金,普通事故及職業災害保險,475278352240,4752.7835,,23324092,358111,1月,https://www.blf.gov.tw/media/ud0lczgo/d-library-downloads-blf_cht_file_20170316-sitebuilderuploads-859-447e75d307a76178c9bed8e903c06ece.pdf?mediaDL=true,https://www.ris.gov.tw/info-popudata/app/awFastDownload/toMain_panel,https://events.bli.gov.tw/report/attachment_file/report/month/10201/a12010.csv
2013-02,勞工保險基金,普通事故及職業災害保險,477870530705,4778.7053,,23328602,379062,2月,https://www.blf.gov.tw/media/seel41ed/d-library-downloads-blf_cht_file_20170316-sitebuilderuploads-860-96b5de8b4f6d998fc2a33051c9b26f44.pdf?mediaDL=true,https://www.ris.gov.tw/info-popudata/app/awFastDownload/toMain_panel,https://events.bli.gov.tw/report/attachment_file/report/month/10202/a12010.csv
2013-03,勞工保險基金,普通事故及職業災害保險,481834963513,4818.3496,,23332705,393604,3月,https://www.blf.gov.tw/media/44eny52i/d-library-downloads-blf_cht_file_20170316-sitebuilderuploads-861-11ed183ca877e5c967b991e3c3e4d3cb.pdf?mediaDL=true,https://www.ris.gov.tw/info-popudata/app/awFastDownload/toMain_panel,https://events.bli.gov.tw/report/attachment_file/report/month/10203/a12010.csv
2013-04,勞工保險基金,普通事故及職業災害保險,484203055200,4842.0306,,23335580,413842,4月,https://www.blf.gov.tw/media/eorkg4sb/d-library-downloads-blf_cht_file_20170316-sitebuilderuploads-862-879b468fc110d7db4d8f80a10b28d767.pdf?mediaDL=true,https://www.ris.gov.tw/info-popudata/app/awFastDownload/toMain_panel,https://events.bli.gov.tw/report/attachment_file/report/month/10204/a12010.csv
2013-05,勞工保險基金,普通事故及職業災害保險,485691195960,4856.912,,23340136,428293,5月,https://www.blf.gov.tw/media/p1hn0kkl/d-library-downloads-blf_cht_file_20170316-sitebuilderuploads-863-3f46d4c9497115a78d6fcc0e14519a5d.pdf?mediaDL=true,https://www.ris.gov.tw/info-popudata/app/awFastDownload/toMain_panel,https://events.bli.gov.tw/report/attachment_file/report/month/10205/a12010.csv
2013-06,勞工保險基金,普通事故及職業災害保險,482606546198,4826.0655,,23344213,440648,6月,https://www.blf.gov.tw/media/klwcwhc5/d-library-downloads-blf_cht_file_20170316-sitebuilderuploads-864-5adea55036662eb76ba106849388a0f6.pdf?mediaDL=true,https://www.ris.gov.tw/info-popudata/app/awFastDownload/toMain_panel,https://events.bli.gov.tw/report/attachment_file/report/month/10206/a12010.csv
2013-07,勞工保險基金,普通事故及職業災害保險,491609631058,4916.0963,,23349724,453951,7月,https://www.blf.gov.tw/media/k4bpej0v/d-library-downloads-blf_cht_file_20170316-sitebuilderuploads-865-f0130da0bfc4349e90051e93931ab12d.pdf?mediaDL=true,https://www.ris.gov.tw/info-popudata/app/awFastDownload/toMain_panel,https://events.bli.gov.tw/report/attachment_file/report/month/10207/a12010.csv
2013-08,勞工保險基金,普通事故及職業災害保險,489028350563,4890.2835,,23354061,464782,8月,https://www.blf.gov.tw/media/fqcprwfc/d-library-downloads-blf_cht_file_20170316-sitebuilderuploads-866-df7f9ae4e4c2c411f573a4be617d1665.pdf?mediaDL=true,https://www.ris.gov.tw/info-popudata/app/awFastDownload/toMain_panel,https://events.bli.gov.tw/report/attachment_file/report/month/10208/a12010.csv
2013-09,勞工保險基金,普通事故及職業災害保險,500418030013,5004.1803,,23356588,473100,9月,https://www.blf.gov.tw/media/wljbdfrq/d-library-downloads-blf_cht_file_20170316-sitebuilderuploads-867-f854ec4c280b9634183c9d5c30e4ffc8.pdf?mediaDL=true,https://www.ris.gov.tw/info-popudata/app/awFastDownload/toMain_panel,https://events.bli.gov.tw/report/attachment_file/report/month/10209/a12010.csv
2013-10,勞工保險基金,普通事故及職業災害保險,511690853472,5116.9085,,23361147,481174,10月,https://www.blf.gov.tw/media/wbifuexc/d-library-downloads-blf_cht_file_20170316-sitebuilderuploads-868-b0dcb1b6597e3b24def91e0695279c55.pdf?mediaDL=true,https://www.ris.gov.tw/info-popudata/app/awFastDownload/toMain_panel,https://events.bli.gov.tw/report/attachment_file/report/month/10210/a12010.csv
2013-11,勞工保險基金,普通事故及職業災害保險,516072941175,5160.7294,,23367320,490035,11月,https://www.blf.gov.tw/media/slepgeau/d-library-downloads-blf_cht_file_20170316-sitebuilderuploads-869-e8a8857172854bb8d5420a06c0d3589a.pdf?mediaDL=true,https://www.ris.gov.tw/info-popudata/app/awFastDownload/toMain_panel,https://events.bli.gov.tw/report/attachment_file/report/month/10211/a12010.csv
2013-12,勞工保險基金,普通事故及職業災害保險,527988810549,5279.8881,,23373517,497373,12月,https://www.blf.gov.tw/media/20od5hde/d-library-downloads-blf_cht_file_20170316-sitebuilderuploads-870-549dfbe59d1ed946b5de172d43826025.pdf?mediaDL=true,https://www.ris.gov.tw/info-popudata/app/awFastDownload/toMain_panel,https://events.bli.gov.tw/report/attachment_file/report/month/10212/a12010.csv
2014-01,勞工保險基金,普通事故及職業災害保險,534017158951,5340.1716,,23377515,509720,1月.pdf,https://www.blf.gov.tw/media/3jlglifm/1月.pdf?mediaDL=true,https://www.ris.gov.tw/info-popudata/app/awFastDownload/toMain_panel,https://events.bli.gov.tw/report/attachment_file/report/month/10301/a12010.csv
2014-02,勞工保險基金,普通事故及職業災害保險,544781079465,5447.8108,544781080000,23379129,519506,2月.pdf,https://www.blf.gov.tw/media/wkkp0l2s/2月.pdf?mediaDL=true,https://www.ris.gov.tw/info-popudata/app/awFastDownload/toMain_panel,https://events.bli.gov.tw/report/attachment_file/report/month/10302/a12010.csv
2014-03,勞工保險基金,普通事故及職業災害保險,555829779387,5558.2978,555829780000,23379594,527225,3月.pdf,https://www.blf.gov.tw/media/4g0do3nl/3月.pdf?mediaDL=true,https://www.ris.gov.tw/info-popudata/app/awFastDownload/toMain_panel,https://events.bli.gov.tw/report/attachment_file/report/month/10303/a12010.csv
2014-04,勞工保險基金,普通事故及職業災害保險,556905208431,5569.0521,556905210000,23382948,537923,4月.pdf,https://www.blf.gov.tw/media/dngnlieo/4月.pdf?mediaDL=true,https://www.ris.gov.tw/info-popudata/app/awFastDownload/toMain_panel,https://events.bli.gov.tw/report/attachment_file/report/month/10304/a12010.csv
2014-05,勞工保險基金,普通事故及職業災害保險,571692193375,5716.9219,571692190000,23386883,548105,5月.pdf,https://www.blf.gov.tw/media/b2miyexk/5月.pdf?mediaDL=true,https://www.ris.gov.tw/info-popudata/app/awFastDownload/toMain_panel,https://events.bli.gov.tw/report/attachment_file/report/month/10305/a12010.csv
2014-06,勞工保險基金,普通事故及職業災害保險,583124741570,5831.2474,583124740000,23392036,556498,6月.pdf,https://www.blf.gov.tw/media/lvhfky2p/6月.pdf?mediaDL=true,https://www.ris.gov.tw/info-popudata/app/awFastDownload/toMain_panel,https://events.bli.gov.tw/report/attachment_file/report/month/10306/a12010.csv
2014-07,勞工保險基金,普通事故及職業災害保險,586580887083,5865.8089,586580890000,23398263,566760,7月.pdf,https://www.blf.gov.tw/media/b4eaomii/7月.pdf?mediaDL=true,https://www.ris.gov.tw/info-popudata/app/awFastDownload/toMain_panel,https://events.bli.gov.tw/report/attachment_file/report/month/10307/a12010.csv
2014-08,勞工保險基金,普通事故及職業災害保險,597240883636,5972.4088,597240880000,23404243,577932,8月.pdf,https://www.blf.gov.tw/media/lkkl2ylj/8月.pdf?mediaDL=true,https://www.ris.gov.tw/info-popudata/app/awFastDownload/toMain_panel,https://events.bli.gov.tw/report/attachment_file/report/month/10308/a12010.csv
2014-09,勞工保險基金,普通事故及職業災害保險,596371088990,5963.7109,596371090000,23410280,587032,9月.pdf,https://www.blf.gov.tw/media/znsazudv/9月.pdf?mediaDL=true,https://www.ris.gov.tw/info-popudata/app/awFastDownload/toMain_panel,https://events.bli.gov.tw/report/attachment_file/report/month/10309/a12010.csv
2014-10,勞工保險基金,普通事故及職業災害保險,603730638276,6037.3064,603730640000,23417116,596990,10月.pdf,https://www.blf.gov.tw/media/x0rpg5pn/10月.pdf?mediaDL=true,https://www.ris.gov.tw/info-popudata/app/awFastDownload/toMain_panel,https://events.bli.gov.tw/report/attachment_file/report/month/10310/a12010.csv
2014-11,勞工保險基金,普通事故及職業災害保險,616335105893,6163.3511,616335110000,23424615,606820,11月.pdf,https://www.blf.gov.tw/media/n0vg1rzk/11月.pdf?mediaDL=true,https://www.ris.gov.tw/info-popudata/app/awFastDownload/toMain_panel,https://events.bli.gov.tw/report/attachment_file/report/month/10311/a12010.csv
2014-12,勞工保險基金,普通事故及職業災害保險,622459080279,6224.5908,622459080000,23433753,614960,12月.pdf,https://www.blf.gov.tw/media/fzzhhxdf/12月.pdf?mediaDL=true,https://www.ris.gov.tw/info-popudata/app/awFastDownload/toMain_panel,https://events.bli.gov.tw/report/attachment_file/report/month/10312/a12010.csv
2015-01,勞工保險基金,普通事故及職業災害保險,627086988603,6270.8699,627086990000,23440278,629438,1月.pdf,https://www.blf.gov.tw/media/vtuf2uy5/1月.pdf?mediaDL=true,https://www.ris.gov.tw/info-popudata/app/awFastDownload/toMain_panel,https://events.bli.gov.tw/report/attachment_file/report/month/10401/a12010.csv
2015-02,勞工保險基金,普通事故及職業災害保險,635671028021,6356.7103,635671030000,23445534,640144,2月.pdf,https://www.blf.gov.tw/media/uncnsv4e/2月.pdf?mediaDL=true,https://www.ris.gov.tw/info-popudata/app/awFastDownload/toMain_panel,https://events.bli.gov.tw/report/attachment_file/report/month/10402/a12010.csv
2015-03,勞工保險基金,普通事故及職業災害保險,638526845344,6385.2685,638526850000,23449287,645659,3月.pdf,https://www.blf.gov.tw/media/at2bmhyo/3月.pdf?mediaDL=true,https://www.ris.gov.tw/info-popudata/app/awFastDownload/toMain_panel,https://events.bli.gov.tw/report/attachment_file/report/month/10403/a12010.csv
2015-04,勞工保險基金,普通事故及職業災害保險,640473081880,6404.7308,640473080000,23452387,657030,4月.pdf,https://www.blf.gov.tw/media/3rkfsnzj/4月.pdf?mediaDL=true,https://www.ris.gov.tw/info-popudata/app/awFastDownload/toMain_panel,https://events.bli.gov.tw/report/attachment_file/report/month/10404/a12010.csv
2015-05,勞工保險基金,普通事故及職業災害保險,646500427494,6465.0043,646500430000,23456545,666715,5月.pdf,https://www.blf.gov.tw/media/zbwd3qoc/5月.pdf?mediaDL=true,https://www.ris.gov.tw/info-popudata/app/awFastDownload/toMain_panel,https://events.bli.gov.tw/report/attachment_file/report/month/10405/a12010.csv
2015-06,勞工保險基金,普通事故及職業災害保險,648989077108,6489.8908,648989080000,23461562,674558,6月.pdf,https://www.blf.gov.tw/media/gatevrd5/6月.pdf?mediaDL=true,https://www.ris.gov.tw/info-popudata/app/awFastDownload/toMain_panel,https://events.bli.gov.tw/report/attachment_file/report/month/10406/a12010.csv
2015-07,勞工保險基金,普通事故及職業災害保險,648557887557,6485.5789,648557890000,23461708,685370,7月.pdf,https://www.blf.gov.tw/media/0xmfa1jw/7月.pdf?mediaDL=true,https://www.ris.gov.tw/info-popudata/app/awFastDownload/toMain_panel,https://events.bli.gov.tw/report/attachment_file/report/month/10407/11071102040.csv
2015-08,勞工保險基金,普通事故及職業災害保險,647093487849,6470.9349,647093490000,23465003,696060,8月.pdf,https://www.blf.gov.tw/media/eg4pkbns/8月.pdf?mediaDL=true,https://www.ris.gov.tw/info-popudata/app/awFastDownload/toMain_panel,https://events.bli.gov.tw/report/attachment_file/report/month/10408/11071102040.csv
2015-09,勞工保險基金,普通事故及職業災害保險,644692840720,6446.9284,644692840000,23468748,704281,9月.pdf,https://www.blf.gov.tw/media/dn3bpqpe/9月.pdf?mediaDL=true,https://www.ris.gov.tw/info-popudata/app/awFastDownload/toMain_panel,https://events.bli.gov.tw/report/attachment_file/report/month/10409/11071102040.csv
2015-10,勞工保險基金,普通事故及職業災害保險,659467784119,6594.6778,659467780000,23476640,713700,10月.pdf,https://www.blf.gov.tw/media/0e3l0n2v/10月.pdf?mediaDL=true,https://www.ris.gov.tw/info-popudata/app/awFastDownload/toMain_panel,https://events.bli.gov.tw/report/attachment_file/report/month/10410/11071102040.csv
2015-11,勞工保險基金,普通事故及職業災害保險,659113929050,6591.1393,659113930000,23483793,723703,11月.pdf,https://www.blf.gov.tw/media/2senxaql/11月.pdf?mediaDL=true,https://www.ris.gov.tw/info-popudata/app/awFastDownload/toMain_panel,https://events.bli.gov.tw/report/attachment_file/report/month/10411/11071102040.csv
2015-12,勞工保險基金,普通事故及職業災害保險,657404248295,6574.0425,657404250000,23492074,731428,12月.pdf,https://www.blf.gov.tw/media/c2rjaxph/12月.pdf?mediaDL=true,https://www.ris.gov.tw/info-popudata/app/awFastDownload/toMain_panel,https://events.bli.gov.tw/report/attachment_file/report/month/10412/11071102040.csv
2016-01,勞工保險基金,普通事故及職業災害保險,655912552442,6559.1255,655912550000,23496068,746097,1月.pdf,https://www.blf.gov.tw/media/iangceab/1月.pdf?mediaDL=true,https://www.ris.gov.tw/info-popudata/app/awFastDownload/toMain_panel,https://events.bli.gov.tw/report/attachment_file/report/month/10501/11071102040.csv
2016-02,勞工保險基金,普通事故及職業災害保險,660935640035,6609.3564,660935640000,23496935,759230,2月.pdf,https://www.blf.gov.tw/media/yz3ovztp/2月.pdf?mediaDL=true,https://www.ris.gov.tw/info-popudata/app/awFastDownload/toMain_panel,https://events.bli.gov.tw/report/attachment_file/report/month/10502/11071102040.csv
2016-03,勞工保險基金,普通事故及職業災害保險,676663565756,6766.6357,676663570000,23496813,767699,3月.pdf,https://www.blf.gov.tw/media/godpr323/3月.pdf?mediaDL=true,https://www.ris.gov.tw/info-popudata/app/awFastDownload/toMain_panel,https://events.bli.gov.tw/report/attachment_file/report/month/10503/11071102040.csv
2016-04,勞工保險基金,普通事故及職業災害保險,670202796212,6702.028,670202800000,23499404,782973,4月.pdf,https://www.blf.gov.tw/media/punnrxpb/4月.pdf?mediaDL=true,https://www.ris.gov.tw/info-popudata/app/awFastDownload/toMain_panel,https://events.bli.gov.tw/report/attachment_file/report/month/10504/11071102040.csv
2016-05,勞工保險基金,普通事故及職業災害保險,679943063387,6799.4306,679943060000,23503349,795651,5月.pdf,https://www.blf.gov.tw/media/2w5o5qqa/勞工保險基金-105年5月.pdf?mediaDL=true,https://www.ris.gov.tw/info-popudata/app/awFastDownload/toMain_panel,https://events.bli.gov.tw/report/attachment_file/report/month/10505/11071102040.csv
2016-06,勞工保險基金,普通事故及職業災害保險,684968313284,6849.6831,684968310000,23508362,807158,6月.pdf,https://www.blf.gov.tw/media/1n4nieu4/勞工保險基金-105年6月.pdf?mediaDL=true,https://www.ris.gov.tw/info-popudata/app/awFastDownload/toMain_panel,https://events.bli.gov.tw/report/attachment_file/report/month/10506/11071102040.csv
2016-07,勞工保險基金,普通事故及職業災害保險,691251183140,6912.5118,691251180000,23514750,822081,7月.pdf,https://www.blf.gov.tw/media/xpqpuev3/勞工保險基金-105年7月.pdf?mediaDL=true,https://www.ris.gov.tw/info-popudata/app/awFastDownload/toMain_panel,https://events.bli.gov.tw/report/attachment_file/report/month/10507/11071102040.csv
2016-08,勞工保險基金,普通事故及職業災害保險,696614759402,6966.1476,696614760000,23516841,835678,8月.pdf,https://www.blf.gov.tw/media/efxlun0d/勞工保險基金-105年8月.pdf?mediaDL=true,https://www.ris.gov.tw/info-popudata/app/awFastDownload/toMain_panel,https://events.bli.gov.tw/report/attachment_file/report/month/10508/11071102040.csv
2016-09,勞工保險基金,普通事故及職業災害保險,699939104910,6999.391,699939100000,23519518,847661,9月.pdf,https://www.blf.gov.tw/media/0h0ph50d/勞工保險基金-105年9月.pdf?mediaDL=true,https://www.ris.gov.tw/info-popudata/app/awFastDownload/toMain_panel,https://events.bli.gov.tw/report/attachment_file/report/month/10509/11071102040.csv
2016-10,勞工保險基金,普通事故及職業災害保險,698254438561,6982.5444,698254440000,23526295,860056,10月.pdf,https://www.blf.gov.tw/media/pbif5ftl/勞工保險基金-105年10月.pdf?mediaDL=true,https://www.ris.gov.tw/info-popudata/app/awFastDownload/toMain_panel,https://events.bli.gov.tw/report/attachment_file/report/month/10510/11071102040.csv
2016-11,勞工保險基金,普通事故及職業災害保險,694556603696,6945.566,694556600000,23532065,872195,11月.pdf,https://www.blf.gov.tw/media/xrln01xb/勞工保險基金-105年11月.pdf?mediaDL=true,https://www.ris.gov.tw/info-popudata/app/awFastDownload/toMain_panel,https://events.bli.gov.tw/report/attachment_file/report/month/10511/11071102040.csv
2016-12,勞工保險基金,普通事故及職業災害保險,696539061866,6965.3906,696539060000,23539816,884481,12月.pdf,https://www.blf.gov.tw/media/zachynck/勞工保險基金-105年12月.pdf?mediaDL=true,https://www.ris.gov.tw/info-popudata/app/awFastDownload/toMain_panel,https://events.bli.gov.tw/report/attachment_file/report/month/10512/11071102040.csv
2017-01,勞工保險基金,普通事故及職業災害保險,699449452570,6994.4945,699449450000,23543346,904731,1月.pdf,https://www.blf.gov.tw/media/syanakqx/勞工保險基金-106年1月.pdf?mediaDL=true,https://www.ris.gov.tw/info-popudata/app/awFastDownload/toMain_panel,https://events.bli.gov.tw/report/attachment_file/report/month/10601/11071102040.csv
2017-02,勞工保險基金,普通事故及職業災害保險,698641089351,6986.4109,698641090000,23544189,918010,2月.pdf,https://www.blf.gov.tw/media/3c1bzrbk/勞工保險基金-106年2月.pdf?mediaDL=true,https://www.ris.gov.tw/info-popudata/app/awFastDownload/toMain_panel,https://events.bli.gov.tw/report/attachment_file/report/month/10602/11071102040.csv
2017-03,勞工保險基金,普通事故及職業災害保險,696767486201,6967.6749,696767490000,23545680,931757,3月.pdf,https://www.blf.gov.tw/media/h3yjltrb/勞工保險基金-106年3月.pdf?mediaDL=true,https://www.ris.gov.tw/info-popudata/app/awFastDownload/toMain_panel,https://events.bli.gov.tw/report/attachment_file/report/month/10603/11071102040.csv
2017-04,勞工保險基金,普通事故及職業災害保險,700102664026,7001.0266,700102660000,23547448,949247,4月.pdf,https://www.blf.gov.tw/media/5cjpo5wq/勞工保險基金-106年4月.pdf?mediaDL=true,https://www.ris.gov.tw/info-popudata/app/awFastDownload/toMain_panel,https://events.bli.gov.tw/report/attachment_file/report/month/10604/11071102040.csv
2017-05,勞工保險基金,普通事故及職業災害保險,705389664122,7053.8966,705389660000,23550077,962161,5月.pdf,https://www.blf.gov.tw/media/5vbftgoq/勞工保險基金-106年5月.pdf?mediaDL=true,https://www.ris.gov.tw/info-popudata/app/awFastDownload/toMain_panel,https://events.bli.gov.tw/report/attachment_file/report/month/10605/11071102040.csv
2017-06,勞工保險基金,普通事故及職業災害保險,712970923749,7129.7092,712970920000,23552470,974100,6月.pdf,https://www.blf.gov.tw/media/wfxik2g4/勞工保險基金-106年6月.pdf?mediaDL=true,https://www.ris.gov.tw/info-popudata/app/awFastDownload/toMain_panel,https://events.bli.gov.tw/report/attachment_file/report/month/10606/11071102040.csv
2017-07,勞工保險基金,普通事故及職業災害保險,712505547868,7125.0555,712505550000,23554803,990144,7月.pdf,https://www.blf.gov.tw/media/vpxpotda/勞工保險基金-106年7月.pdf?mediaDL=true,https://www.ris.gov.tw/info-popudata/app/awFastDownload/toMain_panel,https://events.bli.gov.tw/report/attachment_file/report/month/10607/11071102040.csv
2017-08,勞工保險基金,普通事故及職業災害保險,715110109613,7151.1011,715110110000,23556169,1002557,8月.pdf,https://www.blf.gov.tw/media/ecibunya/勞工保險基金-106年8月.pdf?mediaDL=true,https://www.ris.gov.tw/info-popudata/app/awFastDownload/toMain_panel,https://events.bli.gov.tw/report/attachment_file/report/month/10608/11071102040.csv
2017-09,勞工保險基金,普通事故及職業災害保險,715556742642,7155.5674,715556740000,23557467,1012823,9月.pdf,https://www.blf.gov.tw/media/gerckmj0/勞工保險基金-106年9月.pdf?mediaDL=true,https://www.ris.gov.tw/info-popudata/app/awFastDownload/toMain_panel,https://events.bli.gov.tw/report/attachment_file/report/month/10609/11071102040.csv
2017-10,勞工保險基金,普通事故及職業災害保險,722101756685,7221.0176,722101760000,23562318,1023999,10月.pdf,https://www.blf.gov.tw/media/gsqf14sv/勞工保險基金-106年10月.pdf?mediaDL=true,https://www.ris.gov.tw/info-popudata/app/awFastDownload/toMain_panel,https://events.bli.gov.tw/report/attachment_file/report/month/10610/11071102040.csv
2017-11,勞工保險基金,普通事故及職業災害保險,722333963240,7223.3396,722333960000,23566853,1033131,11月.pdf,https://www.blf.gov.tw/media/eqmnfoma/勞工保險基金-106年11月.pdf?mediaDL=true,https://www.ris.gov.tw/info-popudata/app/awFastDownload/toMain_panel,https://events.bli.gov.tw/report/attachment_file/report/month/10611/11071102040.csv
2017-12,勞工保險基金,普通事故及職業災害保險,723110228790,7231.1023,723110230000,23571227,1041873,12月.pdf,https://www.blf.gov.tw/media/zsibakdm/勞工保險基金-106年12月.pdf?mediaDL=true,https://www.ris.gov.tw/info-popudata/app/awFastDownload/toMain_panel,https://events.bli.gov.tw/report/attachment_file/report/month/10612/11071102040.csv
2018-01,勞工保險基金,普通事故及職業災害保險,733351980949,7333.5198,733351980000,23572049,1055919,1月.pdf,https://www.blf.gov.tw/media/ng4dsr1b/勞工保險基金-107年1月.pdf?mediaDL=true,https://www.ris.gov.tw/info-popudata/app/awFastDownload/toMain_panel,https://events.bli.gov.tw/report/attachment_file/report/month/10701/11071102040.csv
2018-02,勞工保險基金,普通事故及職業災害保險,717875513961,7178.7551,717875510000,23571408,1067821,2月.pdf,https://www.blf.gov.tw/media/ylvjdae5/勞工保險基金-107年2月.pdf?mediaDL=true,https://www.ris.gov.tw/info-popudata/app/awFastDownload/toMain_panel,https://events.bli.gov.tw/report/attachment_file/report/month/10702/11071102040.csv
2018-03,勞工保險基金,普通事故及職業災害保險,715353562392,7153.5356,715353560000,23571990,1075389,3月.pdf,https://www.blf.gov.tw/media/xlgea1bc/勞工保險基金-107年3月.pdf?mediaDL=true,https://www.ris.gov.tw/info-popudata/app/awFastDownload/toMain_panel,https://events.bli.gov.tw/report/attachment_file/report/month/10703/11071102040.csv
2018-04,勞工保險基金,普通事故及職業災害保險,714692509596,7146.9251,714692510000,23571497,1087878,4月.pdf,https://www.blf.gov.tw/media/clqmr3u4/勞工保險基金-107年4月.pdf?mediaDL=true,https://www.ris.gov.tw/info-popudata/app/awFastDownload/toMain_panel,https://events.bli.gov.tw/report/attachment_file/report/month/10704/11071102040.csv
2018-05,勞工保險基金,普通事故及職業災害保險,720557471307,7205.5747,720557470000,23572415,1097147,5月.pdf,https://www.blf.gov.tw/media/4twjlmvm/勞工保險基金-107年5月.pdf?mediaDL=true,https://www.ris.gov.tw/info-popudata/app/awFastDownload/toMain_panel,https://events.bli.gov.tw/report/attachment_file/report/month/10705/11071102040.csv
2018-06,勞工保險基金,普通事故及職業災害保險,718677935744,7186.7794,718677940000,23574274,1106566,6月.pdf,https://www.blf.gov.tw/media/u2qf0u4s/勞工保險基金-107年6月.pdf?mediaDL=true,https://www.ris.gov.tw/info-popudata/app/awFastDownload/toMain_panel,https://events.bli.gov.tw/report/attachment_file/report/month/10706/11071102040.csv
2018-07,勞工保險基金,普通事故及職業災害保險,726914228672,7269.1423,726914230000,23576705,1118395,7月.pdf,https://www.blf.gov.tw/media/z3sbd1hj/勞工保險基金-107年7月.pdf?mediaDL=true,https://www.ris.gov.tw/info-popudata/app/awFastDownload/toMain_panel,https://events.bli.gov.tw/report/attachment_file/report/month/10707/11071102040.csv
2018-08,勞工保險基金,普通事故及職業災害保險,731778538366,7317.7854,731778540000,23577271,1129083,8月.pdf,https://www.blf.gov.tw/media/twiln32k/勞工保險基金-107年8月.pdf?mediaDL=true,https://www.ris.gov.tw/info-popudata/app/awFastDownload/toMain_panel,https://events.bli.gov.tw/report/attachment_file/report/month/10708/11071102040.csv
2018-09,勞工保險基金,普通事故及職業災害保險,729796780721,7297.9678,729796780000,23577488,1138473,9月.pdf,https://www.blf.gov.tw/media/orbn5v3u/勞工保險基金-107年9月.pdf?mediaDL=true,https://www.ris.gov.tw/info-popudata/app/awFastDownload/toMain_panel,https://events.bli.gov.tw/report/attachment_file/report/month/10709/11071102040.csv
2018-10,勞工保險基金,普通事故及職業災害保險,701772540214,7017.7254,701772540000,23580833,1147843,10月.pdf,https://www.blf.gov.tw/media/qxsiqi25/勞工保險基金-107年10月.pdf?mediaDL=true,https://www.ris.gov.tw/info-popudata/app/awFastDownload/toMain_panel,https://events.bli.gov.tw/report/attachment_file/report/month/10710/11071102040.csv
2018-11,勞工保險基金,普通事故及職業災害保險,701721934258,7017.2193,701721930000,23584865,1157420,11月.pdf,https://www.blf.gov.tw/media/rhuc3ybg/勞工保險基金-107年11月.pdf?mediaDL=true,https://www.ris.gov.tw/info-popudata/app/awFastDownload/toMain_panel,https://events.bli.gov.tw/report/attachment_file/report/month/10711/11071102040.csv
2018-12,勞工保險基金,普通事故及職業災害保險,685960207268,6859.6021,685960210000,23588932,1165766,12月.pdf,https://www.blf.gov.tw/media/fxzpxeyn/勞工保險基金-107年12月.pdf?mediaDL=true,https://www.ris.gov.tw/info-popudata/app/awFastDownload/toMain_panel,https://events.bli.gov.tw/report/attachment_file/report/month/10712/11071102040.csv
2019-01,勞工保險基金,普通事故及職業災害保險,707591798690,7075.918,707591800000,23590744,1178437,1月.pdf,https://www.blf.gov.tw/media/grjb5uvs/勞工保險基金-108年1月.pdf?mediaDL=true,https://www.ris.gov.tw/info-popudata/app/awFastDownload/toMain_panel,https://events.bli.gov.tw/report/attachment_file/report/month/10801/11071102040.csv
2019-02,勞工保險基金,普通事故及職業災害保險,713222981731,7132.2298,713222980000,23590004,1189192,2月.pdf,https://www.blf.gov.tw/media/dtmjk4ch/勞工保險基金-108年2月.pdf?mediaDL=true,https://www.ris.gov.tw/info-popudata/app/awFastDownload/toMain_panel,https://events.bli.gov.tw/report/attachment_file/report/month/10802/11071102040.csv
2019-03,勞工保險基金,普通事故及職業災害保險,719808003639,7198.08,719808000000,23589192,1196628,3月.pdf,https://www.blf.gov.tw/media/2jvbgrci/勞工保險基金-108年3月.pdf?mediaDL=true,https://www.ris.gov.tw/info-popudata/app/awFastDownload/toMain_panel,https://events.bli.gov.tw/report/attachment_file/report/month/10803/11071102040.csv
2019-04,勞工保險基金,普通事故及職業災害保險,727513683953,7275.1368,727513680000,23589312,1207216,4月.pdf,https://www.blf.gov.tw/media/53ia1an5/勞工保險基金-108年4月.pdf?mediaDL=true,https://www.ris.gov.tw/info-popudata/app/awFastDownload/toMain_panel,https://events.bli.gov.tw/report/attachment_file/report/month/10804/11071102040.csv
2019-05,勞工保險基金,普通事故及職業災害保險,717505139577,7175.0514,717505140000,23589870,1215722,5月.pdf,https://www.blf.gov.tw/media/sa2jgdx3/勞工保險基金-108年5月.pdf?mediaDL=true,https://www.ris.gov.tw/info-popudata/app/awFastDownload/toMain_panel,https://events.bli.gov.tw/report/attachment_file/report/month/10805/11071102040.csv
2019-06,勞工保險基金,普通事故及職業災害保險,727998369978,7279.9837,727998370000,23591031,1223681,6月.pdf,https://www.blf.gov.tw/media/1t0dd3ah/勞工保險基金-108年6月.pdf?mediaDL=true,https://www.ris.gov.tw/info-popudata/app/awFastDownload/toMain_panel,https://events.bli.gov.tw/report/attachment_file/report/month/10806/11071102040.csv
2019-07,勞工保險基金,普通事故及職業災害保險,728098117864,7280.9812,728098120000,23592598,1233953,7月.pdf,https://www.blf.gov.tw/media/10xjxerp/勞工保險基金-108年7月.pdf?mediaDL=true,https://www.ris.gov.tw/info-popudata/app/awFastDownload/toMain_panel,https://events.bli.gov.tw/report/attachment_file/report/month/10807/11071102040.csv
2019-08,勞工保險基金,普通事故及職業災害保險,729201022259,7292.0102,729201020000,23593794,1243565,8月.pdf,https://www.blf.gov.tw/media/ig2hadzr/勞工保險基金-108年8月.pdf?mediaDL=true,https://www.ris.gov.tw/info-popudata/app/awFastDownload/toMain_panel,https://events.bli.gov.tw/report/attachment_file/report/month/10808/11071102040.csv
2019-09,勞工保險基金,普通事故及職業災害保險,730270407136,7302.7041,730270410000,23593783,1251057,9月.pdf,https://www.blf.gov.tw/media/jhjabrdq/勞工保險基金-108年9月.pdf?mediaDL=true,https://www.ris.gov.tw/info-popudata/app/awFastDownload/toMain_panel,https://events.bli.gov.tw/report/attachment_file/report/month/10809/11071102040.csv
2019-10,勞工保險基金,普通事故及職業災害保險,734414508336,7344.1451,734414510000,23596266,1258561,10月.pdf,https://www.blf.gov.tw/media/4axflnkn/勞工保險基金-108年10月.pdf?mediaDL=true,https://www.ris.gov.tw/info-popudata/app/awFastDownload/toMain_panel,https://events.bli.gov.tw/report/attachment_file/report/month/10810/11071102040.csv
2019-11,勞工保險基金,普通事故及職業災害保險,740422936629,7404.2294,740422940000,23598776,1266216,11月.pdf,https://www.blf.gov.tw/media/hmfeqh5a/勞工保險基金-108年11月.pdf?mediaDL=true,https://www.ris.gov.tw/info-popudata/app/awFastDownload/toMain_panel,https://events.bli.gov.tw/report/attachment_file/report/month/10811/11071102040.csv
2019-12,勞工保險基金,普通事故及職業災害保險,741003035829,7410.0304,741003040000,23603121,1273387,12月.pdf,https://www.blf.gov.tw/media/fxijjxcj/勞工保險基金-108年12月.pdf?mediaDL=true,https://www.ris.gov.tw/info-popudata/app/awFastDownload/toMain_panel,https://events.bli.gov.tw/report/attachment_file/report/month/10812/11071102040.csv
2020-01,勞工保險基金,普通事故及職業災害保險,747139912500,7471.3991,747139910000,23604265,1284443,1月.pdf,https://www.blf.gov.tw/media/ebbjpm52/勞工保險基金-109年1月.pdf?mediaDL=true,https://www.ris.gov.tw/info-popudata/app/awFastDownload/toMain_panel,https://events.bli.gov.tw/report/attachment_file/report/month/10901/11071102040.csv
2020-02,勞工保險基金,普通事故及職業災害保險,742425883863,7424.2588,742425880000,23600903,1294158,2月.pdf,https://www.blf.gov.tw/media/fi3lyzzg/勞工保險基金-109年2月.pdf?mediaDL=true,https://www.ris.gov.tw/info-popudata/app/awFastDownload/toMain_panel,https://events.bli.gov.tw/report/attachment_file/report/month/10902/11071102040.csv
2020-03,勞工保險基金,普通事故及職業災害保險,690236812040,6902.3681,690236810000,23596493,1303188,3月.pdf,https://www.blf.gov.tw/media/ufsfwgqe/勞工保險基金-109年3月.pdf?mediaDL=true,https://www.ris.gov.tw/info-popudata/app/awFastDownload/toMain_panel,https://events.bli.gov.tw/report/attachment_file/report/month/10903/11071102040.csv
2020-04,勞工保險基金,普通事故及職業災害保險,714618885630,7146.1889,714618890000,23591920,1313674,4月.pdf,https://www.blf.gov.tw/media/cvpjuaq3/勞工保險基金-109年4月.pdf?mediaDL=true,https://www.ris.gov.tw/info-popudata/app/awFastDownload/toMain_panel,https://events.bli.gov.tw/report/attachment_file/report/month/10904/11071102040.csv
2020-05,勞工保險基金,普通事故及職業災害保險,720198846875,7201.9885,720198850000,23586562,1322329,5月.pdf,https://www.blf.gov.tw/media/04gbvaak/勞工保險基金-109年5月.pdf?mediaDL=true,https://www.ris.gov.tw/info-popudata/app/awFastDownload/toMain_panel,https://events.bli.gov.tw/report/attachment_file/report/month/10905/11071102040.csv
2020-06,勞工保險基金,普通事故及職業災害保險,735864789240,7358.6479,735864790000,23583823,1330857,6月.pdf,https://www.blf.gov.tw/media/tduek13i/勞工保險基金-109年6月.pdf?mediaDL=true,https://www.ris.gov.tw/info-popudata/app/awFastDownload/toMain_panel,https://events.bli.gov.tw/report/attachment_file/report/month/10906/11071102040.csv
2020-07,勞工保險基金,普通事故及職業災害保險,760143072369,7601.4307,760143070000,23578705,1342538,7月.pdf,https://www.blf.gov.tw/media/babdgn0m/勞工保險基金-109年7月.pdf?mediaDL=true,https://www.ris.gov.tw/info-popudata/app/awFastDownload/toMain_panel,https://events.bli.gov.tw/report/attachment_file/report/month/10907/11071102040.csv
2020-08,勞工保險基金,普通事故及職業災害保險,768051872566,7680.5187,768051870000,23574334,1354448,8月.pdf,https://www.blf.gov.tw/media/e43dy3p5/勞工保險基金-109年8月.pdf?mediaDL=true,https://www.ris.gov.tw/info-popudata/app/awFastDownload/toMain_panel,https://events.bli.gov.tw/report/attachment_file/report/month/10908/11071102040.csv
2020-09,勞工保險基金,普通事故及職業災害保險,748191700271,7481.917,748191700000,23568378,1364409,9月.pdf,https://www.blf.gov.tw/media/z2jcqlyt/勞工保險基金-109年9月.pdf?mediaDL=true,https://www.ris.gov.tw/info-popudata/app/awFastDownload/toMain_panel,https://events.bli.gov.tw/report/attachment_file/report/month/10909/11071102040.csv
2020-10,勞工保險基金,普通事故及職業災害保險,734373071312,7343.7307,734373070000,23566471,1377846,10月.pdf,https://www.blf.gov.tw/media/plvp5tr5/勞工保險基金-109年10月.pdf?mediaDL=true,https://www.ris.gov.tw/info-popudata/app/awFastDownload/toMain_panel,https://events.bli.gov.tw/report/attachment_file/report/month/10910/11071102040.csv
2020-11,勞工保險基金,普通事故及職業災害保險,767659315221,7676.5932,767659320000,23563356,1388409,11月.pdf,https://www.blf.gov.tw/media/ykqhtrpg/勞工保險基金-109年11月.pdf?mediaDL=true,https://www.ris.gov.tw/info-popudata/app/awFastDownload/toMain_panel,https://events.bli.gov.tw/report/attachment_file/report/month/10911/11071102040.csv
2020-12,勞工保險基金,普通事故及職業災害保險,785079657028,7850.7966,785079660000,23561236,1397302,12月.pdf,https://www.blf.gov.tw/media/0s0pe2jw/勞工保險基金-109年12月.pdf?mediaDL=true,https://www.ris.gov.tw/info-popudata/app/awFastDownload/toMain_panel,https://events.bli.gov.tw/report/attachment_file/report/month/10912/11071102040.csv
2021-01,勞工保險基金,普通事故及職業災害保險,791311634709,7913.1163,791311630000,23548633,1410210,1月.pdf,https://www.blf.gov.tw/media/kzqb5h4o/勞工保險基金-110年1月.pdf?mediaDL=true,https://www.ris.gov.tw/info-popudata/app/awFastDownload/toMain_panel,https://events.bli.gov.tw/report/attachment_file/report/month/11001/11071102040.csv
2021-02,勞工保險基金,普通事故及職業災害保險,794541838803,7945.4184,794541840000,23539588,1420225,2月.pdf,https://www.blf.gov.tw/media/waeczexm/勞工保險基金-110年2月.pdf?mediaDL=true,https://www.ris.gov.tw/info-popudata/app/awFastDownload/toMain_panel,https://events.bli.gov.tw/report/attachment_file/report/month/11002/11071102040.csv
2021-03,勞工保險基金,普通事故及職業災害保險,829741254737,8297.4125,829741250000,23525623,1426449,3月.pdf,https://www.blf.gov.tw/media/nsokz2ya/勞工保險基金-110年3月.pdf?mediaDL=true,https://www.ris.gov.tw/info-popudata/app/awFastDownload/toMain_panel,https://events.bli.gov.tw/report/attachment_file/report/month/11003/11071102040.csv
2021-04,勞工保險基金,普通事故及職業災害保險,839767228488,8397.6723,839767230000,23514196,1436481,4月.pdf,https://www.blf.gov.tw/media/u51mztbn/勞工保險基金-110年4月.pdf?mediaDL=true,https://www.ris.gov.tw/info-popudata/app/awFastDownload/toMain_panel,https://events.bli.gov.tw/report/attachment_file/report/month/11004/11071102040.csv
2021-05,勞工保險基金,普通事故及職業災害保險,839496394920,8394.9639,839496390000,23499070,1444374,5月.pdf,https://www.blf.gov.tw/media/ujhflxtw/勞工保險基金-110年5月.pdf?mediaDL=true,https://www.ris.gov.tw/info-popudata/app/awFastDownload/toMain_panel,https://events.bli.gov.tw/report/attachment_file/report/month/11005/11071102040.csv
2021-06,勞工保險基金,普通事故及職業災害保險,845716386645,8457.1639,845716390000,23487509,1450057,6月.pdf,https://www.blf.gov.tw/media/1apfkkgq/勞工保險基金-110年6月.pdf?mediaDL=true,https://www.ris.gov.tw/info-popudata/app/awFastDownload/toMain_panel,https://events.bli.gov.tw/report/attachment_file/report/month/11006/11071102040.csv
2021-07,勞工保險基金,普通事故及職業災害保險,844894844420,8448.9484,844894840000,23470633,1457126,7月.pdf,https://www.blf.gov.tw/media/m53jq0dn/勞工保險基金-110年7月.pdf?mediaDL=true,https://www.ris.gov.tw/info-popudata/app/awFastDownload/toMain_panel,https://events.bli.gov.tw/report/attachment_file/report/month/11007/11071102040.csv
2021-08,勞工保險基金,普通事故及職業災害保險,849553374075,8495.5337,849553370000,23451837,1465424,8月.pdf,https://www.blf.gov.tw/media/3v3p1twp/勞工保險基金-110年8月.pdf?mediaDL=true,https://www.ris.gov.tw/info-popudata/app/awFastDownload/toMain_panel,https://events.bli.gov.tw/report/attachment_file/report/month/11008/11071102040.csv
2021-09,勞工保險基金,普通事故及職業災害保險,829877137658,8298.7714,829877140000,23430948,1472489,9月.pdf,https://www.blf.gov.tw/media/nnsh54zx/勞工保險基金-110年9月.pdf?mediaDL=true,https://www.ris.gov.tw/info-popudata/app/awFastDownload/toMain_panel,https://events.bli.gov.tw/report/attachment_file/report/month/11009/11071102040.csv
2021-10,勞工保險基金,普通事故及職業災害保險,839395353408,8393.9535,839395350000,23413879,1480000,10月.pdf,https://www.blf.gov.tw/media/fgpowdmf/勞工保險基金-110年10月.pdf?mediaDL=true,https://www.ris.gov.tw/info-popudata/app/awFastDownload/toMain_panel,https://events.bli.gov.tw/report/attachment_file/report/month/11010/11071102040.csv
2021-11,勞工保險基金,普通事故及職業災害保險,831178387177,8311.7839,831178390000,23394787,1486507,11月.pdf,https://www.blf.gov.tw/media/zixdztbi/勞工保險基金-110年11月.pdf?mediaDL=true,https://www.ris.gov.tw/info-popudata/app/awFastDownload/toMain_panel,https://events.bli.gov.tw/report/attachment_file/report/month/11011/11071102040.csv
2021-12,勞工保險基金,普通事故及職業災害保險,844694595842,8446.946,844694600000,23375314,1492650,12月.pdf,https://www.blf.gov.tw/media/lrgneqhb/勞工保險基金-110年12月.pdf?mediaDL=true,https://www.ris.gov.tw/info-popudata/app/awFastDownload/toMain_panel,https://events.bli.gov.tw/report/attachment_file/report/month/11012/11071102040.csv
2022-01,勞工保險基金,普通事故及職業災害保險,835536746702,8355.3675,835536750000,23349666,1502163,1月.pdf,https://www.blf.gov.tw/media/rysbrshr/勞工保險基金-111年1月.pdf?mediaDL=true,https://www.ris.gov.tw/info-popudata/app/awFastDownload/toMain_panel,https://events.bli.gov.tw/report/attachment_file/report/month/11101/11071102040.csv
2022-02,勞工保險基金,普通事故及職業災害保險,852732314763,8527.3231,852732310000,23319776,1511949,2月.pdf,https://www.blf.gov.tw/media/55ejv1er/勞工保險基金-111年2月.pdf?mediaDL=true,https://www.ris.gov.tw/info-popudata/app/awFastDownload/toMain_panel,https://events.bli.gov.tw/report/attachment_file/report/month/11102/11071102040.csv
2022-03,勞工保險基金,普通事故及職業災害保險,864785258321,8647.8526,864785260000,23268991,1518787,3月.pdf,https://www.blf.gov.tw/media/dzal30yz/勞工保險基金-111年3月.pdf?mediaDL=true,https://www.ris.gov.tw/info-popudata/app/awFastDownload/toMain_panel,https://events.bli.gov.tw/report/attachment_file/report/month/11103/11071102040.csv
2022-04,勞工保險基金,普通事故及職業災害保險,840410499973,8404.105,840410500000,23215015,1529010,4月.pdf,https://www.blf.gov.tw/media/squj4itq/勞工保險基金-111年4月.pdf?mediaDL=true,https://www.ris.gov.tw/info-popudata/app/awFastDownload/toMain_panel,https://events.bli.gov.tw/report/attachment_file/report/month/11104/11071102040.csv
2022-05,勞工保險基金,普通事故保險（職災保險已分立）,808228872670,8082.2887,808228870000,23196178,1537075,5月.pdf,https://www.blf.gov.tw/media/g3pd1tna/勞工保險基金-111年5月.pdf?mediaDL=true,https://www.ris.gov.tw/info-popudata/app/awFastDownload/toMain_panel,https://events.bli.gov.tw/report/attachment_file/report/month/11105/11071102040.csv
2022-06,勞工保險基金,普通事故保險（職災保險已分立）,772006360121,7720.0636,772006360000,23186278,1544308,6月.pdf,https://www.blf.gov.tw/media/wdopamcc/勞工保險基金-111年6月.pdf?mediaDL=true,https://www.ris.gov.tw/info-popudata/app/awFastDownload/toMain_panel,https://events.bli.gov.tw/report/attachment_file/report/month/11106/11071102040.csv
2022-07,勞工保險基金,普通事故保險（職災保險已分立）,789832618238,7898.3262,789832620000,23190064,1554602,7月.pdf,https://www.blf.gov.tw/media/kobdmplv/勞工保險基金-111年7月.pdf?mediaDL=true,https://www.ris.gov.tw/info-popudata/app/awFastDownload/toMain_panel,https://events.bli.gov.tw/report/attachment_file/report/month/11107/11071102040.csv
2022-08,勞工保險基金,普通事故保險（職災保險已分立）,782545249628,7825.4525,782545250000,23194554,1563823,8月.pdf,https://www.blf.gov.tw/media/w3xdxc1y/勞工保險基金-111年8月.pdf?mediaDL=true,https://www.ris.gov.tw/info-popudata/app/awFastDownload/toMain_panel,https://events.bli.gov.tw/report/attachment_file/report/month/11108/11071102040.csv
2022-09,勞工保險基金,普通事故保險（職災保險已分立）,746743146717,7467.4315,746743150000,23198133,1572313,9月.pdf,https://www.blf.gov.tw/media/kusddged/勞工保險基金-111年9月.pdf?mediaDL=true,https://www.ris.gov.tw/info-popudata/app/awFastDownload/toMain_panel,https://events.bli.gov.tw/report/attachment_file/report/month/11109/11071102040.csv
2022-10,勞工保險基金,普通事故保險（職災保險已分立）,754411284978,7544.1128,754411280000,23212056,1581139,10月.pdf,https://www.blf.gov.tw/media/2c3ixpql/勞工保險基金-111年10月.pdf?mediaDL=true,https://www.ris.gov.tw/info-popudata/app/awFastDownload/toMain_panel,https://events.bli.gov.tw/report/attachment_file/report/month/11110/11071102040.csv
2022-11,勞工保險基金,普通事故保險（職災保險已分立）,780855670977,7808.5567,780855670000,23233593,1589497,11月.pdf,https://www.blf.gov.tw/media/s1wigusx/勞工保險基金-111年11月.pdf?mediaDL=true,https://www.ris.gov.tw/info-popudata/app/awFastDownload/toMain_panel,https://events.bli.gov.tw/report/attachment_file/report/month/11111/11071102040.csv
2022-12,勞工保險基金,普通事故保險（職災保險已分立）,753404154130,7534.0415,753404150000,23264640,1597562,12月.pdf,https://www.blf.gov.tw/media/lhydqb21/勞工保險基金-111年12月.pdf?mediaDL=true,https://www.ris.gov.tw/info-popudata/app/awFastDownload/toMain_panel,https://events.bli.gov.tw/report/attachment_file/report/month/11112/11071102040.csv
2023-01,勞工保險基金,普通事故保險（職災保險已分立）,782373085116,7823.7309,782373090000,23301968,1609138,1月.pdf,https://www.blf.gov.tw/media/cf1m0bsy/勞工保險基金-112年1月.pdf?mediaDL=true,https://www.ris.gov.tw/info-popudata/app/awFastDownload/toMain_panel,https://events.bli.gov.tw/report/attachment_file/report/month/11201/11071102040.csv
2023-02,勞工保險基金,普通事故保險（職災保險已分立）,814558368190,8145.5837,814558370000,23313550,1620128,2月.pdf,https://www.blf.gov.tw/media/5kia452j/勞工保險基金-112年2月.pdf?mediaDL=true,https://www.ris.gov.tw/info-popudata/app/awFastDownload/toMain_panel,https://events.bli.gov.tw/report/attachment_file/report/month/11202/11071102040.csv
2023-03,勞工保險基金,普通事故保險（職災保險已分立）,828076490440,8280.7649,828076490000,23332929,1631497,3月.pdf,https://www.blf.gov.tw/media/105lexxg/勞工保險基金-112年3月.pdf?mediaDL=true,https://www.ris.gov.tw/info-popudata/app/awFastDownload/toMain_panel,https://events.bli.gov.tw/report/attachment_file/report/month/11203/11071102040.csv
2023-04,勞工保險基金,普通事故保險（職災保險已分立）,841123997107,8411.24,841124000000,23347374,1646072,4月.pdf,https://www.blf.gov.tw/media/cpcnlwi3/勞工保險基金-112年4月.pdf?mediaDL=true,https://www.ris.gov.tw/info-popudata/app/awFastDownload/toMain_panel,https://events.bli.gov.tw/report/attachment_file/report/month/11204/11071102040.csv
2023-05,勞工保險基金,普通事故保險（職災保險已分立）,843693617178,8436.9362,843693620000,23361084,1657224,5月.pdf,https://www.blf.gov.tw/media/eplih3oz/勞工保險基金-112年5月.pdf?mediaDL=true,https://www.ris.gov.tw/info-popudata/app/awFastDownload/toMain_panel,https://events.bli.gov.tw/report/attachment_file/report/month/11205/11071102040.csv
2023-06,勞工保險基金,普通事故保險（職災保險已分立）,863107262702,8631.0726,863107260000,23373283,1668947,6月.pdf,https://www.blf.gov.tw/media/rtmciyqc/勞工保險基金-112年6月.pdf?mediaDL=true,https://www.ris.gov.tw/info-popudata/app/awFastDownload/toMain_panel,https://events.bli.gov.tw/report/attachment_file/report/month/11206/11071102040.csv
2023-07,勞工保險基金,普通事故保險（職災保險已分立）,878286920825,8782.8692,878286920000,23392423,1682833,7月.pdf,https://www.blf.gov.tw/media/4gofkhy5/勞工保險基金-112年7月.pdf?mediaDL=true,https://www.ris.gov.tw/info-popudata/app/awFastDownload/toMain_panel,https://events.bli.gov.tw/report/attachment_file/report/month/11207/11071102040.csv
2023-08,勞工保險基金,普通事故保險（職災保險已分立）,867025245550,8670.2525,867025250000,23399654,1695625,8月.pdf,https://www.blf.gov.tw/media/3j3flpey/勞工保險基金-112年8月.pdf?mediaDL=true,https://www.ris.gov.tw/info-popudata/app/awFastDownload/toMain_panel,https://events.bli.gov.tw/report/attachment_file/report/month/11208/11071102040.csv
2023-09,勞工保險基金,普通事故保險（職災保險已分立）,849816898985,8498.169,849816900000,23404300,1707314,9月.pdf,https://www.blf.gov.tw/media/tfgoplfb/勞工保險基金-112年9月.pdf?mediaDL=true,https://www.ris.gov.tw/info-popudata/app/awFastDownload/toMain_panel,https://events.bli.gov.tw/report/attachment_file/report/month/11209/11071102040.csv
2023-10,勞工保險基金,普通事故保險（職災保險已分立）,836897875024,8368.9788,836897880000,23411858,1719109,10月.pdf,https://www.blf.gov.tw/media/hi2p3fdy/勞工保險基金-112年10月.pdf?mediaDL=true,https://www.ris.gov.tw/info-popudata/app/awFastDownload/toMain_panel,https://events.bli.gov.tw/report/attachment_file/report/month/11210/11071102040.csv
2023-11,勞工保險基金,普通事故保險（職災保險已分立）,860073502683,8600.735,860073500000,23415008,1731031,11月.pdf,https://www.blf.gov.tw/media/djzfect4/勞工保險基金-112年11月.pdf?mediaDL=true,https://www.ris.gov.tw/info-popudata/app/awFastDownload/toMain_panel,https://events.bli.gov.tw/report/attachment_file/report/month/11211/11071102040.csv
2023-12,勞工保險基金,普通事故保險（職災保險已分立）,872890842266,8728.9084,872890840000,23420442,1742093,12月.pdf,https://www.blf.gov.tw/media/mg2nvgxp/勞工保險基金-112年12月.pdf?mediaDL=true,https://www.ris.gov.tw/info-popudata/app/awFastDownload/toMain_panel,https://events.bli.gov.tw/report/attachment_file/report/month/11212/11071102040.csv
2024-01,勞工保險基金,普通事故保險（職災保險已分立）,908845583036,9088.4558,908845580000,23419833,1756748,1月.pdf,https://www.blf.gov.tw/media/bw2nrx2q/勞工保險基金-113年1月.pdf?mediaDL=true,https://www.ris.gov.tw/info-popudata/app/awFastDownload/toMain_panel,https://events.bli.gov.tw/report/attachment_file/report/month/11301/11071102040.csv
2024-02,勞工保險基金,普通事故保險（職災保險已分立）,958051029169,9580.5103,958051030000,23418053,1769651,2月.pdf,https://www.blf.gov.tw/media/4ayn3bwm/勞工保險基金-113年2月.pdf?mediaDL=true,https://www.ris.gov.tw/info-popudata/app/awFastDownload/toMain_panel,https://events.bli.gov.tw/report/attachment_file/report/month/11302/11071102040.csv
2024-03,勞工保險基金,普通事故保險（職災保險已分立）,994061327888,9940.6133,994061330000,23416375,1778088,3月.pdf,https://www.blf.gov.tw/media/0rwp0xpf/勞工保險基金-113年3月.pdf?mediaDL=true,https://www.ris.gov.tw/info-popudata/app/awFastDownload/toMain_panel,https://events.bli.gov.tw/report/attachment_file/report/month/11303/11071102040.csv
2024-04,勞工保險基金,普通事故保險（職災保險已分立）,980973599871,9809.736,980973600000,23415100,1790639,4月.pdf,https://www.blf.gov.tw/media/wwfhvpvi/勞工保險基金-113年4月.pdf?mediaDL=true,https://www.ris.gov.tw/info-popudata/app/awFastDownload/toMain_panel,https://events.bli.gov.tw/report/attachment_file/report/month/11304/11071102040.csv
2024-05,勞工保險基金,普通事故保險（職災保險已分立）,998964431011,9989.6443,998964430000,23413608,1800344,5月.pdf,https://www.blf.gov.tw/media/3jsi54cy/勞工保險基金-113年5月.pdf?mediaDL=true,https://www.ris.gov.tw/info-popudata/app/awFastDownload/toMain_panel,https://events.bli.gov.tw/report/attachment_file/report/month/11305/11071102040.csv
2024-06,勞工保險基金,普通事故保險（職災保險已分立）,1095260372756,10952.6037,1095260370000,23412899,1810604,6月.pdf,https://www.blf.gov.tw/media/eiwnq0yz/勞工保險基金-113年6月.pdf?mediaDL=true,https://www.ris.gov.tw/info-popudata/app/awFastDownload/toMain_panel,https://events.bli.gov.tw/report/attachment_file/report/month/11306/11071102040.csv
2024-07,勞工保險基金,普通事故保險（職災保險已分立）,1100236281207,11002.3628,1100236280000,23409323,1822192,7月.pdf,https://www.blf.gov.tw/media/xbgpwhti/勞工保險基金-113年7月.pdf?mediaDL=true,https://www.ris.gov.tw/info-popudata/app/awFastDownload/toMain_panel,https://events.bli.gov.tw/report/attachment_file/report/month/11307/11071102040.csv
2024-08,勞工保險基金,普通事故保險（職災保險已分立）,1094921113199,10949.2111,1094921110000,23406608,1833427,8月.pdf,https://www.blf.gov.tw/media/fozpva53/勞工保險基金-113年8月.pdf?mediaDL=true,https://www.ris.gov.tw/info-popudata/app/awFastDownload/toMain_panel,https://events.bli.gov.tw/report/attachment_file/report/month/11308/11071102040.csv
2024-09,勞工保險基金,普通事故保險（職災保險已分立）,1095620774044,10956.2077,1095620770000,23404138,1843177,9月.pdf,https://www.blf.gov.tw/media/gehkjayf/勞工保險基金-113年9月.pdf?mediaDL=true,https://www.ris.gov.tw/info-popudata/app/awFastDownload/toMain_panel,https://events.bli.gov.tw/report/attachment_file/report/month/11309/11071102040.csv
2024-10,勞工保險基金,普通事故保險（職災保險已分立）,1095619750172,10956.1975,1095619750000,23402804,1852630,10月.pdf,https://www.blf.gov.tw/media/bxvijoxk/勞工保險基金-113年10月.pdf?mediaDL=true,https://www.ris.gov.tw/info-popudata/app/awFastDownload/toMain_panel,https://events.bli.gov.tw/report/attachment_file/report/month/11310/11071102040.csv
2024-11,勞工保險基金,普通事故保險（職災保險已分立）,1100232523721,11002.3252,1100232520000,23402795,1862140,11月.pdf,https://www.blf.gov.tw/media/0ckbtlaq/勞工保險基金-113年11月.pdf?mediaDL=true,https://www.ris.gov.tw/info-popudata/app/awFastDownload/toMain_panel,https://events.bli.gov.tw/report/attachment_file/report/month/11311/11071102040.csv
2024-12,勞工保險基金,普通事故保險（職災保險已分立）,1091910014808,10919.1001,1091910010000,23400220,1870922,12月.pdf,https://www.blf.gov.tw/media/44qfkm0w/勞工保險基金-113年12月.pdf?mediaDL=true,https://www.ris.gov.tw/info-popudata/app/awFastDownload/toMain_panel,https://events.bli.gov.tw/report/attachment_file/report/month/11312/11071102040.csv
2025-01,勞工保險基金,普通事故保險（職災保險已分立）,1145411583590,11454.1158,1145411580000,23396049,1882693,1月.pdf,https://www.blf.gov.tw/media/13ddikza/勞工保險基金-114年1月.pdf?mediaDL=true,https://www.ris.gov.tw/info-popudata/app/awFastDownload/toMain_panel,https://events.bli.gov.tw/report/attachment_file/report/month/11401/11071102040.csv
2025-02,勞工保險基金,普通事故保險（職災保險已分立）,1158572377369,11585.7238,1158572380000,23384614,1893453,2月.pdf,https://www.blf.gov.tw/media/uqwh44mj/勞工保險基金-114年2月.pdf?mediaDL=true,https://www.ris.gov.tw/info-popudata/app/awFastDownload/toMain_panel,https://events.bli.gov.tw/report/attachment_file/report/month/11402/11071102040.csv
2025-03,勞工保險基金,普通事故保險（職災保險已分立）,1125479846491,11254.7985,1125479850000,23374742,1905612,3月.pdf,https://www.blf.gov.tw/media/1ctm421p/勞工保險基金-114年3月.pdf?mediaDL=true,https://www.ris.gov.tw/info-popudata/app/awFastDownload/toMain_panel,https://events.bli.gov.tw/report/attachment_file/report/month/11403/11071102040.csv
2025-04,勞工保險基金,普通事故保險（職災保險已分立）,1099412331990,10994.1233,1099412330000,23365274,1918758,4月.pdf,https://www.blf.gov.tw/media/o1xog31w/勞工保險基金-114年4月.pdf?mediaDL=true,https://www.ris.gov.tw/info-popudata/app/awFastDownload/toMain_panel,https://events.bli.gov.tw/report/attachment_file/report/month/11404/11071102040.csv
2025-05,勞工保險基金,普通事故保險（職災保險已分立）,1080425378172,10804.2538,1080425380000,23355470,1930269,5月.pdf,https://www.blf.gov.tw/media/lqznqlyz/勞工保險基金-114年5月.pdf?mediaDL=true,https://www.ris.gov.tw/info-popudata/app/awFastDownload/toMain_panel,https://events.bli.gov.tw/report/attachment_file/report/month/11405/11071102040.csv
2025-06,勞工保險基金,普通事故保險（職災保險已分立）,1172984399096,11729.844,1172984400000,23346741,1940717,6月.pdf,https://www.blf.gov.tw/media/ebqjztce/勞工保險基金-114年6月.pdf?mediaDL=true,https://www.ris.gov.tw/info-popudata/app/awFastDownload/toMain_panel,https://events.bli.gov.tw/report/attachment_file/report/month/11406/11071102040.csv
2025-07,勞工保險基金,普通事故保險（職災保險已分立）,1187989230030,11879.8923,1187989230000,23337936,1955729,7月.pdf,https://www.blf.gov.tw/media/q54nojxm/勞工保險基金-114年7月.pdf?mediaDL=true,https://www.ris.gov.tw/info-popudata/app/awFastDownload/toMain_panel,https://events.bli.gov.tw/report/attachment_file/report/month/11407/11071102040.csv
2025-08,勞工保險基金,普通事故保險（職災保險已分立）,1216781737012,12167.8174,1216781740000,23328343,1968812,8月.pdf,https://www.blf.gov.tw/media/p2opdnua/勞工保險基金-114年8月.pdf?mediaDL=true,https://www.ris.gov.tw/info-popudata/app/awFastDownload/toMain_panel,https://events.bli.gov.tw/report/attachment_file/report/month/11408/11071102040.csv
2025-09,勞工保險基金,普通事故保險（職災保險已分立）,1248421923489,12484.2192,1248421920000,23317031,1980031,9月.pdf,https://www.blf.gov.tw/media/my1kiifb/勞工保險基金-114年9月.pdf?mediaDL=true,https://www.ris.gov.tw/info-popudata/app/awFastDownload/toMain_panel,https://events.bli.gov.tw/report/attachment_file/report/month/11409/11071102040.csv
2025-10,勞工保險基金,普通事故保險（職災保險已分立）,1290930073216,12909.3007,1290930070000,23310853,1990874,10月.pdf,https://www.blf.gov.tw/media/tvyhhdgf/勞工保險基金-114年10月.pdf?mediaDL=true,https://www.ris.gov.tw/info-popudata/app/awFastDownload/toMain_panel,https://events.bli.gov.tw/report/attachment_file/report/month/11410/11071102040.csv
2025-11,勞工保險基金,普通事故保險（職災保險已分立）,1294260608090,12942.6061,1294260610000,23306085,2003136,11月.pdf,https://www.blf.gov.tw/media/m4hgq2on/勞工保險基金-114年11月.pdf?mediaDL=true,https://www.ris.gov.tw/info-popudata/app/awFastDownload/toMain_panel,https://events.bli.gov.tw/report/attachment_file/report/month/11411/11071102040.csv
2025-12,勞工保險基金,普通事故保險（職災保險已分立）,1303520872026,13035.2087,1303520870000,23299132,2015310,12月.pdf,https://www.blf.gov.tw/media/x3vngnyf/勞工保險基金-114年12月.pdf?mediaDL=true,https://www.ris.gov.tw/info-popudata/app/awFastDownload/toMain_panel,https://events.bli.gov.tw/report/attachment_file/report/month/11412/11071102040.csv
2026-01,勞工保險基金,普通事故保險（職災保險已分立）,1395886090188,13958.8609,1395886090000,23289045,2033840,1月.pdf,https://www.blf.gov.tw/media/gkdambdk/勞工保險基金-115年1月.pdf?mediaDL=true,https://www.ris.gov.tw/info-popudata/app/awFastDownload/toMain_panel,https://events.bli.gov.tw/report/attachment_file/report/month/11501/11071102040.csv
2026-02,勞工保險基金,普通事故保險（職災保險已分立）,1470228114164,14702.2811,1470228110000,23280273,2047255,2月.pdf,https://www.blf.gov.tw/media/hf0j50q4/勞工保險基金-115年2月.pdf?mediaDL=true,https://www.ris.gov.tw/info-popudata/app/awFastDownload/toMain_panel,https://events.bli.gov.tw/report/attachment_file/report/month/11502/11071102040.csv
2026-03,勞工保險基金,普通事故保險（職災保險已分立）,1404683674531,14046.8367,1404683670000,23270568,2055403,3月.pdf,https://www.blf.gov.tw/media/en0a4xxb/勞工保險基金-115年3月.pdf?mediaDL=true,https://www.ris.gov.tw/info-popudata/app/awFastDownload/toMain_panel,https://events.bli.gov.tw/report/attachment_file/report/month/11503/11071102040.csv
2026-04,勞工保險基金,普通事故保險（職災保險已分立）,1537079650828,15370.7965,1537079650000,23262544,2070280,4月.pdf,https://www.blf.gov.tw/media/nj2dkwej/勞工保險基金-115年4月.pdf?mediaDL=true,https://www.ris.gov.tw/info-popudata/app/awFastDownload/toMain_panel,https://events.bli.gov.tw/report/attachment_file/report/month/11504/11071102040.csv
2026-05,勞工保險基金,普通事故保險（職災保險已分立）,1612627518094,16126.2752,1612627520000,23252641,2082018,5月.pdf,https://www.blf.gov.tw/media/j3bjdado/勞工保險基金-115年5月.pdf?mediaDL=true,https://www.ris.gov.tw/info-popudata/app/awFastDownload/toMain_panel,https://events.bli.gov.tw/report/attachment_file/report/month/11505/11071102040.csv
2026-06,勞工保險基金,普通事故保險（職災保險已分立）,1682071104275,16820.711,1682071100000,23243565,2093075,6月.pdf,https://www.blf.gov.tw/media/20bfdvdf/勞工保險基金-115年6月.pdf?mediaDL=true,https://www.ris.gov.tw/info-popudata/app/awFastDownload/toMain_panel,https://events.bli.gov.tw/report/attachment_file/report/month/11506/11071102040.csv
