▓╬нp┤┴,╡╣еI║╪├■/ж╤ж~╡╣еI,
,еє╝╞,кў├B
98ж~ 1ды,29127,20201892
98ж~ 2ды,17921,6429122
98ж~ 3ды,20918,8803083
98ж~ 4ды,14829,7747969
98ж~ 5ды,9347,5205654
98ж~ 6ды,9687,6039467
98ж~ 7ды,10544,7861274
98ж~ 8ды,7519,5740552
98ж~ 9ды,8329,6338459
98ж~ 10ды,8554,6690239
98ж~ 11ды,7734,6228808
98ж~ 12ды,8549,6898948
99ж~ 1ды,8408,7108787
99ж~ 2ды,4756,3890622
99ж~ 3ды,8087,6834504
99ж~ 4ды,8137,6995686
99ж~ 5ды,7472,6241525
99ж~ 6ды,7228,6231822
99ж~ 7ды,8599,7859541
99ж~ 8ды,7187,6318524
99ж~ 9ды,6815,6018818
99ж~ 10ды,7330,6440935
99ж~ 11ды,6706,5847312
99ж~ 12ды,7706,6650119
100ж~ 1ды,8256,7584255
100ж~ 2ды,4195,3681816
100ж~ 3ды,7514,6736328
100ж~ 4ды,7236,6622146
100ж~ 5ды,7012,6275479
100ж~ 6ды,6751,6141124
100ж~ 7ды,7802,7543561
100ж~ 8ды,7504,6788124
100ж~ 9ды,6837,6138803
100ж~ 10ды,7400,6680005
100ж~ 11ды,7434,6452629
100ж~ 12ды,7393,6635094
101ж~ 1ды,6588,6362549
101ж~ 2ды,6231,5604376
101ж~ 3ды,8348,7565016
101ж~ 4ды,7363,6863527
101ж~ 5ды,8073,7621370
101ж~ 6ды,6973,6847626
101ж~ 7ды,9233,9738406
101ж~ 8ды,8553,8497887
101ж~ 9ды,8701,8699042
101ж~ 10ды,17702,20852623
101ж~ 11ды,37176,47937132
101ж~ 12ды,32853,40178249
102ж~ 1ды,31882,38585872
102ж~ 2ды,10193,11137023
102ж~ 3ды,13047,14238148
102ж~ 4ды,12510,13986038
102ж~ 5ды,12804,14015652
102ж~ 6ды,8743,9428151
102ж~ 7ды,11887,13042582
102ж~ 8ды,8707,8847271
102ж~ 9ды,8295,8538693
102ж~ 10ды,10015,10313716
102ж~ 11ды,8191,8225025
102ж~ 12ды,8535,8524753
103ж~ 1ды,9397,10051693
103ж~ 2ды,5184,5250661
103ж~ 3ды,8487,8608014
103ж~ 4ды,9062,9361240
103ж~ 5ды,8191,8345380
103ж~ 6ды,7492,7727290
103ж~ 7ды,9141,10007696
103ж~ 8ды,8108,8168279
103ж~ 9ды,8173,8319729
103ж~ 10ды,8891,8913699
103ж~ 11ды,7214,7014605
103ж~ 12ды,8127,8383047
104ж~ 1ды,9133,10024028
104ж~ 2ды,5092,4875826
104ж~ 3ды,8408,8286081
104ж~ 4ды,9061,9372821
104ж~ 5ды,8072,8091618
104ж~ 6ды,7811,8110293
104ж~ 7ды,10269,11495478
104ж~ 8ды,8704,8902280
104ж~ 9ды,8126,8701396
104ж~ 10ды,9969,10421735
104ж~ 11ды,8827,8736445
104ж~ 12ды,9427,9569161
105ж~ 1ды,10966,12114312
105ж~ 2ды,4599,4742594
105ж~ 3ды,10325,10694427
105ж~ 4ды,9954,10631020
105ж~ 5ды,9629,10036535
105ж~ 6ды,9148,9919163
105ж~ 7ды,10626,11830430
105ж~ 8ды,10279,9860716
105ж~ 9ды,8656,8734329
105ж~ 10ды,9816,9980709
105ж~ 11ды,9937,9808243
105ж~ 12ды,10600,11283563
106ж~ 1ды,11098,12976286
106ж~ 2ды,9204,10245289
106ж~ 3ды,13828,15354672
106ж~ 4ды,10726,11870647
106ж~ 5ды,11858,12843168
106ж~ 6ды,12634,14099605
106ж~ 7ды,13197,15480939
106ж~ 8ды,11848,12166532
106ж~ 9ды,10775,11362024
106ж~ 10ды,9842,10258202
106ж~ 11ды,10582,10455596
106ж~ 12ды,9406,9764689
107ж~ 1ды,12156,13622754
107ж~ 2ды,5716,5980715
107ж~ 3ды,9979,10776182
107ж~ 4ды,8265,9181489
107ж~ 5ды,10103,11017582
107ж~ 6ды,8144,9205134
107ж~ 7ды,10675,12626973
107ж~ 8ды,10229,11342506
107ж~ 9ды,7667,8671463
107ж~ 10ды,9759,11028890
107ж~ 11ды,8178,8966090
107ж~ 12ды,8062,8902440
108ж~ 1ды,10962,12308875
108ж~ 2ды,6322,6479354
108ж~ 3ды,10272,11107279
108ж~ 4ды,9556,10372069
108ж~ 5ды,10473,11260178
108ж~ 6ды,8386,9440625
108ж~ 7ды,11206,12339682
108ж~ 8ды,9024,9465514
108ж~ 9ды,7490,7822302
108ж~ 10ды,9706,10010411
108ж~ 11ды,8160,7995429
108ж~ 12ды,9119,9258385
109ж~ 1ды,8236,9006446
109ж~ 2ды,7405,7895828
109ж~ 3ды,8825,10277893
109ж~ 4ды,8121,9703840
109ж~ 5ды,7555,8248084
109ж~ 6ды,7946,9192110
109ж~ 7ды,9968,11974157
109ж~ 8ды,7718,8676691
109ж~ 9ды,11457,14571295
109ж~ 10ды,9933,12466747
109ж~ 11ды,9468,10821656
109ж~ 12ды,9234,10499354
110ж~ 1ды,9070,10614409
110ж~ 2ды,5540,5611364
110ж~ 3ды,9768,10373167
110ж~ 4ды,9002,9744955
110ж~ 5ды,7267,7886199
110ж~ 6ды,5291,6040788
110ж~ 7ды,8360,9755594
110ж~ 8ды,8649,8886422
110ж~ 9ды,7674,8149103
110ж~ 10ды,7749,8498430
110ж~ 11ды,7584,7820822
110ж~ 12ды,7692,8091133
111ж~ 1ды,8094,9279810
111ж~ 2ды,4609,5065768
111ж~ 3ды,8190,9543647
111ж~ 4ды,6683,7736087
111ж~ 5ды,6855,7400226
111ж~ 6ды,5730,6371097
111ж~ 7ды,8206,9044889
111ж~ 8ды,7873,8035217
111ж~ 9ды,7175,7074083
111ж~ 10ды,7060,7045823
111ж~ 11ды,7520,7285681
111ж~ 12ды,7553,7248116
112ж~ 1ды,5797,6096714
112ж~ 2ды,7809,7048051
112ж~ 3ды,10888,9590861
112ж~ 4ды,8717,8016861
112ж~ 5ды,9869,8986380
112ж~ 6ды,8343,7912984
112ж~ 7ды,9736,9501670
112ж~ 8ды,9004,7874294
112ж~ 9ды,8312,7375925
112ж~ 10ды,7480,6823525
112ж~ 11ды,8023,7075761
112ж~ 12ды,7447,6464004
113ж~ 1ды,8879,8646707
113ж~ 2ды,5229,4217049
113ж~ 3ды,8115,7540411
113ж~ 4ды,7780,7567011
113ж~ 5ды,8485,8223649
113ж~ 6ды,6602,6660208
113ж~ 7ды,8291,8418029
113ж~ 8ды,8096,7734154
113ж~ 9ды,7027,6634402
113ж~ 10ды,6812,6549213
113ж~ 11ды,7163,6424948
113ж~ 12ды,6853,6564233
114ж~ 1ды,5918,6127568
114ж~ 2ды,6681,5988154
114ж~ 3ды,7734,7726933
114ж~ 4ды,7841,8154040
114ж~ 5ды,7449,7399520
114ж~ 6ды,8457,8916478
114ж~ 7ды,9655,10246296
114ж~ 8ды,7763,7536120
114ж~ 9ды,7412,7199938
114ж~ 10ды,7377,7133884
114ж~ 11ды,6529,6376077
114ж~ 12ды,8270,7926208
115ж~ 1ды,8516,8744987
115ж~ 2ды,4052,3481276
115ж~ 3ды,7651,7718315
115ж~ 4ды,7486,8029626
115ж~ 5ды,7105,7437350
