統計期,核付人數(期底),核付人數/老年年金(期底),核付金額,核付金額/老年年金
98年 1月,－,－,－,－
98年 2月,18197,18159,231981,231423
98年 3月,27477,27295,369005,365414
98年 4月,34631,34298,452962,444611
98年 5月,39747,39286,510755,500764
98年 6月,43154,42534,550488,538071
98年 7月,48156,47362,612783,599941
98年 8月,52458,51489,669514,654534
98年 9月,55895,54767,717479,699321
98年 10月,59860,58569,767962,749568
98年 11月,63710,62270,818096,798783
98年 12月,67218,65632,865225,843293
99年 1月,72808,71067,941682,916778
99年 2月,76972,75078,997021,972809
99年 3月,79895,77844,1041894,1012781
99年 4月,85432,83173,1113862,1085375
99年 5月,90283,87830,1184677,1153399
99年 6月,94356,91749,1240308,1207361
99年 7月,100205,97383,1324118,1287617
99年 8月,105004,102008,1389509,1353008
99年 9月,109379,106208,1453089,1413709
99年 10月,113843,110496,1515604,1474421
99年 11月,117152,114394,1573635,1530026
99年 12月,121446,118502,1634297,1589412
100年 1月,129038,125931,1744315,1698664
100年 2月,134086,130912,1819709,1774309
100年 3月,138034,134667,1884230,1833482
100年 4月,145131,141591,1985897,1934314
100年 5月,150344,146591,2066926,2009216
100年 6月,155763,151819,2146328,2087571
100年 7月,163056,158944,2260479,2197467
100年 8月,168976,164686,2351366,2287016
100年 9月,175033,170547,2441817,2377537
100年 10月,181995,177302,2554786,2482331
100年 11月,187953,183053,2643431,2571659
100年 12月,193836,188716,2731976,2657935
101年 1月,203396,198131,2877977,2805848
101年 2月,210101,204653,2989329,2914015
101年 3月,217406,211677,3107584,3025287
101年 4月,226653,220695,3256674,3168961
101年 5月,234670,228483,3384426,3297585
101年 6月,242033,235656,3500063,3410474
101年 7月,250569,243976,3639462,3546210
101年 8月,259717,252904,3792771,3694167
101年 9月,267569,260566,3917043,3818936
101年 10月,277068,269865,4066847,3969558
101年 11月,300725,293322,4449417,4348017
101年 12月,326545,318973,4856828,4756626
102年 1月,365863,358111,5476749,5372124
102年 2月,386949,379062,5816661,5708387
102年 3月,401664,393604,6047908,5939804
102年 4月,422139,413842,6377142,6263647
102年 5月,436821,428293,6612577,6496726
102年 6月,449389,440648,6813472,6693694
102年 7月,462929,453951,7036158,6912586
102年 8月,473969,464782,7220976,7099973
102年 9月,482437,473100,7362736,7237123
102年 10月,490699,481174,7496178,7367458
102年 11月,499853,490035,7647054,7514653
102年 12月,507411,497373,7770819,7638129
103年 1月,519952,509720,7987211,7849381
103年 2月,529904,519506,8157187,8019020
103年 3月,537864,527225,8297715,8151550
103年 4月,548859,537923,8485872,8336496
103年 5月,559281,548105,8661571,8509749
103年 6月,567941,556498,8851792,8696427
103年 7月,578449,566760,9033946,8872888
103年 8月,589675,577932,9226555,9069200
103年 9月,599104,587032,9387904,9223310
103年 10月,609292,596990,9563164,9393971
103年 11月,619515,606820,9729086,9558111
103年 12月,627934,614960,9869181,9698738
104年 1月,642684,629438,10122897,9945171
104年 2月,653642,640144,10320794,10142807
104年 3月,659404,645659,10426375,10245640
104年 4月,671075,657030,10637005,10446530
104年 5月,681050,666715,10811622,10621696
104年 6月,689185,674558,10997630,10801662
104年 7月,700304,685370,11201873,11002345
104年 8月,711111,696060,11400099,11200663
104年 9月,719636,704281,11558243,11354994
104年 10月,729301,713700,11734863,11526250
104年 11月,739711,723703,11920439,11708502
104年 12月,747748,731428,12060928,11843504
105年 1月,762738,746097,12333972,12113770
105年 2月,776096,759230,12576162,12358035
105年 3月,784855,767699,12748730,12520976
105年 4月,800474,782973,13029416,12795430
105年 5月,813548,795651,13262454,13024250
105年 6月,825326,807158,13472837,13230686
105年 7月,840552,822081,13744570,13501647
105年 8月,854371,835678,14004174,13758031
105年 9月,866657,847661,14223756,13972665
105年 10月,879336,860056,14447902,14196030
105年 11月,891902,872195,14681923,14418469
105年 12月,904556,884481,14900230,14634704
106年 1月,925134,904731,15269442,15001743
106年 2月,938643,918010,15525026,15261183
106年 3月,952701,931757,15794311,15518957
106年 4月,970524,949247,16120306,15840798
106年 5月,983788,962161,16370546,16084715
106年 6月,996035,974100,16647968,16359718
106年 7月,1012443,990144,16948272,16656783
106年 8月,1025071,1002557,17194139,16899609
106年 9月,1035699,1012823,17401491,17092988
106年 10月,1047252,1023999,17604669,17298931
106年 11月,1056821,1033131,17781068,17470525
106年 12月,1065925,1041873,17948692,17634771
107年 1月,1080292,1055919,18210473,17896535
107年 2月,1092426,1067821,18438506,18126418
107年 3月,1100383,1075389,18597419,18273730
107年 4月,1113252,1087878,18826723,18499580
107年 5月,1122887,1097147,19018589,18683423
107年 6月,1132717,1106566,19191925,18854637
107年 7月,1144930,1118395,19422956,19080406
107年 8月,1155831,1129083,19635228,19290716
107年 9月,1165544,1138473,19811320,19462624
107年 10月,1175317,1147843,19993024,19641716
107年 11月,1185339,1157420,20177103,19817923
107年 12月,1194110,1165766,20331533,19968001
108年 1月,1207217,1178437,20579118,20207355
108年 2月,1218269,1189192,20794510,20424766
108年 3月,1226052,1196628,20949324,20575036
108年 4月,1237016,1207216,21160756,20781916
108年 5月,1246007,1215722,21343014,20953752
108年 6月,1254397,1223681,21628385,21231682
108年 7月,1265078,1233953,21837718,21439197
108年 8月,1274946,1243565,22037732,21638503
108年 9月,1282828,1251057,22188651,21783476
108年 10月,1290752,1258561,22343506,21933836
108年 11月,1298937,1266216,22505916,22087209
108年 12月,1306533,1273387,22649227,22228817
109年 1月,1317992,1284443,22870937,22444147
109年 2月,1328154,1294158,23089212,22651042
109年 3月,1337667,1303188,23270583,22828438
109年 4月,1348658,1313674,23484036,23035298
109年 5月,1357729,1322329,23659635,23208642
109年 6月,1366728,1330857,23834402,23381187
109年 7月,1378933,1342538,24070890,23610939
109年 8月,1391021,1354448,24309975,23854316
109年 9月,1401410,1364409,24516603,24047654
109年 10月,1415237,1377846,24771257,24300518
109年 11月,1426268,1388409,24987647,24509445
109年 12月,1435614,1397302,25163539,24682325
110年 1月,1448949,1410210,25417942,24929545
110年 2月,1459317,1420225,25629259,25141539
110年 3月,1465996,1426449,25781691,25281779
110年 4月,1476538,1436481,25985246,25481121
110年 5月,1484893,1444374,26152153,25646019
110年 6月,1490958,1450057,26276717,25768633
110年 7月,1498404,1457126,26442333,25927514
110年 8月,1506811,1465424,26631470,26115871
110年 9月,1514516,1472489,26786880,26264305
110年 10月,1522572,1480000,26955981,26419897
110年 11月,1529647,1486507,27095940,26551663
110年 12月,1536268,1492650,27230073,26684408
111年 1月,1546289,1502163,27431562,26879216
111年 2月,1556537,1511949,27638091,27087441
111年 3月,1563808,1518787,27802515,27247065
111年 4月,1574529,1529010,28017769,27451020
111年 5月,1580882,1537075,28165061,27623306
111年 6月,1588522,1544308,28794595,28247451
111年 7月,1599249,1554602,29012084,28457852
111年 8月,1608627,1563823,29223156,28669816
111年 9月,1617634,1572313,29404778,28841993
111年 10月,1627089,1581139,29597106,29022870
111年 11月,1636107,1589497,29791106,29213245
111年 12月,1644699,1597562,29946578,29360811
112年 1月,1656681,1609138,30127889,29541472
112年 2月,1668206,1620128,30436697,29838267
112年 3月,1680177,1631497,30661343,30052926
112年 4月,1695316,1646072,30913003,30300419
112年 5月,1707064,1657224,31130297,30507570
112年 6月,1719379,1668947,32091923,31450661
112年 7月,1733841,1682833,32354008,31707085
112年 8月,1746826,1695625,32616350,31968731
112年 9月,1759141,1707314,32852868,32197896
112年 10月,1771497,1719109,33082503,32423346
112年 11月,1783968,1731031,33311079,32641508
112年 12月,1795679,1742093,33515329,32839829
113年 1月,1810921,1756748,33797771,33116858
113年 2月,1824305,1769651,34055216,33372705
113年 3月,1833233,1778088,34232053,33541343
113年 4月,1846396,1790639,34483234,33782324
113年 5月,1856758,1800344,34675348,33966744
113年 6月,1867566,1810604,35818186,35083940
113年 7月,1879696,1822192,36045156,35306443
113年 8月,1891069,1833427,36281863,35539948
113年 9月,1901374,1843177,36468106,35719664
113年 10月,1911418,1852630,36652868,35895926
113年 11月,1921572,1862140,36830018,36065769
113年 12月,1931013,1870922,37007047,36234017
114年 1月,1943402,1882693,37222347,36442043
114年 2月,1954654,1893453,37448756,36668450
114年 3月,1967371,1905612,37694799,36900562
114年 4月,1981204,1918758,37943823,37143229
114年 5月,1993376,1930269,38169484,37356699
114年 6月,2004430,1940717,38376143,37555531
114年 7月,2020057,1955729,38665535,37841151
114年 8月,2033287,1968812,38927134,38101841
114年 9月,2045019,1980031,39144870,38314402
114年 10月,2056645,1990874,39367047,38514977
114年 11月,2069523,2003136,39586485,38734740
114年 12月,2082403,2015310,39817620,38960059
115年 1月,2101566,2033840,40161022,39294289
115年 2月,2115460,2047255,40420304,39552653
115年 3月,2124103,2055403,40601828,39721485
115年 4月,2139676,2070280,40879656,39989047
115年 5月,2152104,2082018,41121648,40216705
