date,fund,fund_scope,fund_level_ntd,fund_level_100m_ntd,reported_fund_level_ntd,taiwan_registered_population,labor_insurance_old_age_pension_recipients,source_title,source_url,population_source_url,pension_recipients_source_url,monthly_pension_recipients,monthly_pension_payment_amount_1000_ntd,lumpsum_recipients,lumpsum_payment_amount_1000_ntd,B,Q,V,q
2009-02-01,勞工保險基金,普通事故及職業災害保險,193961295769,1939.613,,23049407,18159,2月,https://www.blf.gov.tw/media/lvaj0dkx/d-library-downloads-blf_cht_file_20170316-sitebuilderuploads-947-c998d2f96efc7832355b4d33d6f2c9db.pdf?mediaDL=true,https://www.ris.gov.tw/info-popudata/app/awFastDownload/toMain_panel,https://events.bli.gov.tw/report/attachment_file/report/month/09802/a12010.csv,18159,231423,17921,6429122,0.08415023248493984,0.0007878293788642805,17.099150408059764,0.3021775665042648
2009-03-01,勞工保險基金,普通事故及職業災害保險,192729506302,1927.2951,,23058550,27295,3月,https://www.blf.gov.tw/media/ruhj0khx/d-library-downloads-blf_cht_file_20170316-sitebuilderuploads-948-106b544a8d081146de364bac0eda8edb.pdf?mediaDL=true,https://www.ris.gov.tw/info-popudata/app/awFastDownload/toMain_panel,https://events.bli.gov.tw/report/attachment_file/report/month/09803/a12010.csv,27295,365414,20918,8803083,0.08358266512942054,0.0011837257763389285,17.094770871812173,0.3018698232529114
2009-04-01,勞工保險基金,普通事故及職業災害保險,195198099036,1951.981,,23059339,34298,4月,https://www.blf.gov.tw/media/hxqh0u3g/d-library-downloads-blf_cht_file_20170316-sitebuilderuploads-949-212cf65e88d31a49dff6deb8ed95cb0e.pdf?mediaDL=true,https://www.ris.gov.tw/info-popudata/app/awFastDownload/toMain_panel,https://events.bli.gov.tw/report/attachment_file/report/month/09804/a12010.csv,34298,444611,14829,7747969,0.08465034450293653,0.0014873800155329692,17.10073374416047,0.3022888688560847
2009-05-01,勞工保險基金,普通事故及職業災害保險,236094119374,2360.9412,,23063027,39286,5月,https://www.blf.gov.tw/media/tjlmg5n5/d-library-downloads-blf_cht_file_20170316-sitebuilderuploads-953-a9a1efcdbcb765b2708d3b7e1e7001af.pdf?mediaDL=true,https://www.ris.gov.tw/info-popudata/app/awFastDownload/toMain_panel,https://events.bli.gov.tw/report/attachment_file/report/month/09805/a12010.csv,39286,500764,9347,5205654,0.10236909464399449,0.0017034190698384907,17.268640433118456,0.3142222216848145
2009-06-01,勞工保險基金,普通事故及職業災害保險,241376009281,2413.7601,,23069345,42534,6月,https://www.blf.gov.tw/media/4vghpjlj/d-library-downloads-blf_cht_file_20170316-sitebuilderuploads-954-eee6f7743e20a3434de17f1f586f962a.pdf?mediaDL=true,https://www.ris.gov.tw/info-popudata/app/awFastDownload/toMain_panel,https://events.bli.gov.tw/report/attachment_file/report/month/09806/a12010.csv,42534,538071,9687,6039467,0.10463062964336439,0.0018437454552784225,17.289348677398568,0.31571157551973356
2009-07-01,勞工保險基金,普通事故及職業災害保險,254710759933,2547.1076,,23077191,47362,7月,https://www.blf.gov.tw/media/xkddqm2f/d-library-downloads-blf_cht_file_20170316-sitebuilderuploads-955-db47b17d9ce3d375ff874ca19240a7a6.pdf?mediaDL=true,https://www.ris.gov.tw/info-popudata/app/awFastDownload/toMain_panel,https://events.bli.gov.tw/report/attachment_file/report/month/09807/a12010.csv,47362,599941,10544,7861274,0.11037338120267758,0.0020523295057877713,17.346459005534545,0.3198385922928923
2009-08-01,勞工保險基金,普通事故及職業災害保險,260083291870,2600.8329,,23082125,51489,8月,https://www.blf.gov.tw/media/jmwfaaz1/d-library-downloads-blf_cht_file_20170316-sitebuilderuploads-956-b2090505d106084493189f2e66aac4a5.pdf?mediaDL=true,https://www.ris.gov.tw/info-popudata/app/awFastDownload/toMain_panel,https://events.bli.gov.tw/report/attachment_file/report/month/09808/a12010.csv,51489,654534,7519,5740552,0.1126773604553307,0.002230687165934679,17.368167393025725,0.321414801322893
2009-09-01,勞工保險基金,普通事故及職業災害保險,271165346493,2711.6535,,23086441,54767,9月,https://www.blf.gov.tw/media/vo2bcme5/d-library-downloads-blf_cht_file_20170316-sitebuilderuploads-957-b482b472142ea92a9df84dda80f19553.pdf?mediaDL=true,https://www.ris.gov.tw/info-popudata/app/awFastDownload/toMain_panel,https://events.bli.gov.tw/report/attachment_file/report/month/09809/a12010.csv,54767,699321,8329,6338459,0.11745653931370365,0.0023722582445687493,17.41649100233478,0.32493810478894947
2009-10-01,勞工保險基金,普通事故及職業災害保險,274708851397,2747.0885,,23098049,58569,10月,https://www.blf.gov.tw/media/lp4hyc1g/d-library-downloads-blf_cht_file_20170316-sitebuilderuploads-958-1e1fa4ce634102e6b1fc4a8d1004025f.pdf?mediaDL=true,https://www.ris.gov.tw/info-popudata/app/awFastDownload/toMain_panel,https://events.bli.gov.tw/report/attachment_file/report/month/09810/a12010.csv,58569,749568,8554,6690239,0.1189316255225712,0.0025356687051793854,17.429425801664557,0.3258845815012185
2009-11-01,勞工保險基金,普通事故及職業災害保險,283447744154,2834.4774,,23109141,62270,11月,https://www.blf.gov.tw/media/td1l3hoy/d-library-downloads-blf_cht_file_20170316-sitebuilderuploads-959-18d555c6d51f91f867cccb6780ba2e5c.pdf?mediaDL=true,https://www.ris.gov.tw/info-popudata/app/awFastDownload/toMain_panel,https://events.bli.gov.tw/report/attachment_file/report/month/09811/a12010.csv,62270,798783,7734,6228808,0.12265611437223047,0.0026946047020960234,17.464482221859424,0.32845689536127676
2009-12-01,勞工保險基金,普通事故及職業災害保險,296607797498,2966.078,,23119772,65632,12月,https://www.blf.gov.tw/media/bcwjgduj/d-library-downloads-blf_cht_file_20170316-sitebuilderuploads-960-840df2476182cb65713223126a4376ee.pdf?mediaDL=true,https://www.ris.gov.tw/info-popudata/app/awFastDownload/toMain_panel,https://events.bli.gov.tw/report/attachment_file/report/month/09812/a12010.csv,65632,843293,8549,6898948,0.1282918350137709,0.0028387823201716693,17.51943122109798,0.33250960369651295
2010-01-01,勞工保險基金,普通事故及職業災害保險,293714687760,2937.1469,,23124514,71067,1月,https://www.blf.gov.tw/media/todnivxt/d-library-downloads-blf_cht_file_20170316-sitebuilderuploads-1001-14ecca517e609010d8332b71546b39fa.pdf?mediaDL=true,https://www.ris.gov.tw/info-popudata/app/awFastDownload/toMain_panel,https://events.bli.gov.tw/report/attachment_file/report/month/09901/a12010.csv,71067,916778,8408,7108787,0.12701442623183345,0.0030732321552790257,17.501813558182832,0.33120749257312726
2010-02-01,勞工保險基金,普通事故及職業災害保險,297199851655,2971.9985,,23127845,75078,2月,https://www.blf.gov.tw/media/iynf5uvy/d-library-downloads-blf_cht_file_20170316-sitebuilderuploads-1002-60799e97fa058aec3c36f6bbb07c481d.pdf?mediaDL=true,https://www.ris.gov.tw/info-popudata/app/awFastDownload/toMain_panel,https://events.bli.gov.tw/report/attachment_file/report/month/09902/a12010.csv,75078,972809,4756,3890622,0.12850304542208751,0.003246216843808837,17.51312518856069,0.3320432331296206
2010-03-01,勞工保險基金,普通事故及職業災害保險,308274114977,3082.7411,,23131093,77844,3月,https://www.blf.gov.tw/media/uu5okmrc/d-library-downloads-blf_cht_file_20170316-sitebuilderuploads-1003-c68a5c3dd8e528734628381dde1712a9.pdf?mediaDL=true,https://www.ris.gov.tw/info-popudata/app/awFastDownload/toMain_panel,https://events.bli.gov.tw/report/attachment_file/report/month/09903/a12010.csv,77844,1012781,8087,6834504,0.1332726105839443,0.0033653403235203803,17.558530143141546,0.33540851975629193
2010-04-01,勞工保險基金,普通事故及職業災害保險,315752007093,3157.5201,,23133074,83173,4月,https://www.blf.gov.tw/media/21vcncjc/d-library-downloads-blf_cht_file_20170316-sitebuilderuploads-1004-2139b1906f9142ec48ce4188637b1e7b.pdf?mediaDL=true,https://www.ris.gov.tw/info-popudata/app/awFastDownload/toMain_panel,https://events.bli.gov.tw/report/attachment_file/report/month/09904/a12010.csv,83173,1085375,8137,6995686,0.13649375223240975,0.0035954149457179795,17.585491319455226,0.3374147759707344
2010-05-01,勞工保險基金,普通事故及職業災害保險,318432626083,3184.3263,,23135715,87830,5月,https://www.blf.gov.tw/media/cxefrnew/d-library-downloads-blf_cht_file_20170316-sitebuilderuploads-1005-e0bcd4d83ba57ec3cbc59d833781249b.pdf?mediaDL=true,https://www.ris.gov.tw/info-popudata/app/awFastDownload/toMain_panel,https://events.bli.gov.tw/report/attachment_file/report/month/09905/a12010.csv,87830,1153399,7472,6241525,0.1376368208559796,0.0037962950356191716,17.591517747778514,0.33786402412709715
2010-06-01,勞工保險基金,普通事故及職業災害保險,322811978170,3228.1198,,23138381,91749,6月,https://www.blf.gov.tw/media/ag2pdwxk/d-library-downloads-blf_cht_file_20170316-sitebuilderuploads-1006-2fe3800b1515a1a31b0f0bd1f8bccec6.pdf?mediaDL=true,https://www.ris.gov.tw/info-popudata/app/awFastDownload/toMain_panel,https://events.bli.gov.tw/report/attachment_file/report/month/09906/a12010.csv,91749,1207361,7228,6231822,0.13951364106676262,0.00396522989227293,17.60541465030642,0.3389011021233292
2010-07-01,勞工保險基金,普通事故及職業災害保險,333803046912,3338.0305,,23142460,97383,7月,https://www.blf.gov.tw/media/zwtlurvi/d-library-downloads-blf_cht_file_20170316-sitebuilderuploads-1007-87e26366404188f7d502231fe7db370d.pdf?mediaDL=true,https://www.ris.gov.tw/info-popudata/app/awFastDownload/toMain_panel,https://events.bli.gov.tw/report/attachment_file/report/month/09907/a12010.csv,97383,1287617,8599,7859541,0.1442383596696289,0.004207979618415674,17.645249071449687,0.3418823649669668
2010-08-01,勞工保險基金,普通事故及職業災害保險,339726940182,3397.2694,,23145020,102008,8月,https://www.blf.gov.tw/media/rxjdqphd/d-library-downloads-blf_cht_file_20170316-sitebuilderuploads-1008-664a06a4cea37348d1ebc23c33fceef5.pdf?mediaDL=true,https://www.ris.gov.tw/info-popudata/app/awFastDownload/toMain_panel,https://events.bli.gov.tw/report/attachment_file/report/month/09908/a12010.csv,102008,1353008,7187,6318524,0.1467818736739048,0.004407341190459114,17.664950431313628,0.3433614897388114
2010-09-01,勞工保險基金,普通事故及職業災害保險,354449539387,3544.4954,,23146090,106208,9月,https://www.blf.gov.tw/media/zgwp4y4p/d-library-downloads-blf_cht_file_20170316-sitebuilderuploads-1010-b02291c11dae88f8d5075cb4f4d8ef70.pdf?mediaDL=true,https://www.ris.gov.tw/info-popudata/app/awFastDownload/toMain_panel,https://events.bli.gov.tw/report/attachment_file/report/month/09909/a12010.csv,106208,1413709,6815,6018818,0.15313581662691192,0.004588593581032477,17.72312263600481,0.3477465913309129
2010-10-01,勞工保險基金,普通事故及職業災害保險,360785548529,3607.8555,,23150923,110496,10月,https://www.blf.gov.tw/media/3afd3dpr/d-library-downloads-blf_cht_file_20170316-sitebuilderuploads-1011-c179ced2b88450af63d35a093343eaae.pdf?mediaDL=true,https://www.ris.gov.tw/info-popudata/app/awFastDownload/toMain_panel,https://events.bli.gov.tw/report/attachment_file/report/month/09910/a12010.csv,110496,1474421,7330,6440935,0.1558406757816956,0.004772855060681598,17.744762321847986,0.34938447959791613
2010-11-01,勞工保險基金,普通事故及職業災害保險,366092946602,3660.9295,,23157178,114394,11月,https://www.blf.gov.tw/media/zayho0x3/d-library-downloads-blf_cht_file_20170316-sitebuilderuploads-1012-9a6b5ee2897400dfde14e7d4f8437069.pdf?mediaDL=true,https://www.ris.gov.tw/info-popudata/app/awFastDownload/toMain_panel,https://events.bli.gov.tw/report/attachment_file/report/month/09911/a12010.csv,114394,1530026,6706,5847312,0.15809048347860002,0.004939893798803982,17.762339871279742,0.3507175321931222
2010-12-01,勞工保險基金,普通事故及職業災害保險,376717475852,3767.1748,,23162123,118502,12月,https://www.blf.gov.tw/media/x0tamwrc/d-library-downloads-blf_cht_file_20170316-sitebuilderuploads-1013-33a186efc66589d22355a69f411fa7b4.pdf?mediaDL=true,https://www.ris.gov.tw/info-popudata/app/awFastDownload/toMain_panel,https://events.bli.gov.tw/report/attachment_file/report/month/09912/a12010.csv,118502,1589412,7706,6650119,0.16264375931860822,0.005116197681879161,17.802443199589245,0.3537676131611947
2011-01-01,勞工保險基金,普通事故及職業災害保險,380864430253,3808.6443,,23164628,125931,1月,https://www.blf.gov.tw/media/te4onxf1/d-library-downloads-blf_cht_file_20170316-sitebuilderuploads-987-c0f1c42871f15c3e2a322de17d860007.pdf?mediaDL=true,https://www.ris.gov.tw/info-popudata/app/awFastDownload/toMain_panel,https://events.bli.gov.tw/report/attachment_file/report/month/10001/a12010.csv,125931,1698664,8256,7584255,0.1644163809809508,0.005436348902300525,17.81130708928177,0.35444338057512415
2011-02-01,勞工保險基金,普通事故及職業災害保險,388772685580,3887.7269,,23164457,130912,2月,https://www.blf.gov.tw/media/l1ahtgda/d-library-downloads-blf_cht_file_20170316-sitebuilderuploads-988-ee206990c8f31cb7415eeb95b26a9436.pdf?mediaDL=true,https://www.ris.gov.tw/info-popudata/app/awFastDownload/toMain_panel,https://events.bli.gov.tw/report/attachment_file/report/month/10002/a12010.csv,130912,1774309,4195,3681816,0.1678315557234948,0.005651416737288511,17.83909575526265,0.3565656987173829
2011-03-01,勞工保險基金,普通事故及職業災害保險,396820304811,3968.203,,23165878,134667,3月,https://www.blf.gov.tw/media/o2pg5kla/d-library-downloads-blf_cht_file_20170316-sitebuilderuploads-989-05dfb103f445a20fba7884fa4eaa9d1a.pdf?mediaDL=true,https://www.ris.gov.tw/info-popudata/app/awFastDownload/toMain_panel,https://events.bli.gov.tw/report/attachment_file/report/month/10003/a12010.csv,134667,1833482,7514,6736328,0.17129517163605887,0.005813161927210357,17.86851122034558,0.35881841226794203
2011-04-01,勞工保險基金,普通事故及職業災害保險,408425305040,4084.2531,,23170321,141591,4月,https://www.blf.gov.tw/media/it2js0wo/d-library-downloads-blf_cht_file_20170316-sitebuilderuploads-990-47f5b2acb67e5d9e995253e93cd20cb4.pdf?mediaDL=true,https://www.ris.gov.tw/info-popudata/app/awFastDownload/toMain_panel,https://events.bli.gov.tw/report/attachment_file/report/month/10004/a12010.csv,141591,1934314,7236,6622146,0.1762708876756606,0.006110877790601175,17.90945533559521,0.36196439890172416
2011-05-01,勞工保險基金,普通事故及職業災害保險,418515950853,4185.1595,,23174528,146591,5月,https://www.blf.gov.tw/media/rkqjcicf/d-library-downloads-blf_cht_file_20170316-sitebuilderuploads-991-7d79d0eaf4609927decd5837dbcd1875.pdf?mediaDL=true,https://www.ris.gov.tw/info-popudata/app/awFastDownload/toMain_panel,https://events.bli.gov.tw/report/attachment_file/report/month/10005/a12010.csv,146591,2009216,7012,6275479,0.1805930851549598,0.006325522573749938,17.945743560996,0.3647625791329402
2011-06-01,勞工保險基金,普通事故及職業災害保險,425716083395,4257.1608,,23180477,151819,6月,https://www.blf.gov.tw/media/rs0pa0sd/d-library-downloads-blf_cht_file_20170316-sitebuilderuploads-992-f4770a48116e635b72ef62e2174f6a4e.pdf?mediaDL=true,https://www.ris.gov.tw/info-popudata/app/awFastDownload/toMain_panel,https://events.bli.gov.tw/report/attachment_file/report/month/10006/a12010.csv,151819,2087571,6751,6141124,0.18365285727079733,0.00654943381881227,17.96953883951114,0.3666024176856417
2011-07-01,勞工保險基金,普通事故及職業災害保險,433968825822,4339.6883,,23188078,158944,7月,https://www.blf.gov.tw/media/xz2kuokh/d-library-downloads-blf_cht_file_20170316-sitebuilderuploads-993-d6df7f99afe716f3f22ed286bcbf2e25.pdf?mediaDL=true,https://www.ris.gov.tw/info-popudata/app/awFastDownload/toMain_panel,https://events.bli.gov.tw/report/attachment_file/report/month/10007/a12010.csv,158944,2197467,7802,7543561,0.18715170175898152,0.006854556897729945,17.994291384818585,0.3685204067891806
2011-08-01,勞工保險基金,普通事故及職業災害保險,429084040646,4290.8404,,23193638,164686,8月,https://www.blf.gov.tw/media/00fiqyg1/d-library-downloads-blf_cht_file_20170316-sitebuilderuploads-994-2d534b6ecbe77f12bdf3c98fcdc73eba.pdf?mediaDL=true,https://www.ris.gov.tw/info-popudata/app/awFastDownload/toMain_panel,https://events.bli.gov.tw/report/attachment_file/report/month/10008/a12010.csv,164686,2287016,7504,6788124,0.18500074919079104,0.007100481606205977,17.966493127556134,0.3663667063604878
2011-09-01,勞工保險基金,普通事故及職業災害保險,429815822633,4298.1582,,23197947,170547,9月,https://www.blf.gov.tw/media/k4tje11l/d-library-downloads-blf_cht_file_20170316-sitebuilderuploads-995-521ab46433824b29e149985c838309eb.pdf?mediaDL=true,https://www.ris.gov.tw/info-popudata/app/awFastDownload/toMain_panel,https://events.bli.gov.tw/report/attachment_file/report/month/10009/a12010.csv,170547,2377537,6837,6138803,0.1852818366353712,0.007351814365297067,17.9622520833686,0.36603859337205313
2011-10-01,勞工保險基金,普通事故及職業災害保險,445253958224,4452.5396,,23205605,177302,10月,https://www.blf.gov.tw/media/ynrlmlgc/d-library-downloads-blf_cht_file_20170316-sitebuilderuploads-996-ae35bbc389579bc18d6db2ae133a6071.pdf?mediaDL=true,https://www.ris.gov.tw/info-popudata/app/awFastDownload/toMain_panel,https://events.bli.gov.tw/report/attachment_file/report/month/10010/a12010.csv,177302,2482331,7400,6680005,0.19187345394528604,0.0076404816853514485,18.016406450827816,0.37023755196066216
2011-11-01,勞工保險基金,普通事故及職業災害保險,445274015114,4452.7402,,23214620,183053,11月,https://www.blf.gov.tw/media/05zbx2lg/d-library-downloads-blf_cht_file_20170316-sitebuilderuploads-997-392a78a8d214d4e64dd90616e41ae4bb.pdf?mediaDL=true,https://www.ris.gov.tw/info-popudata/app/awFastDownload/toMain_panel,https://events.bli.gov.tw/report/attachment_file/report/month/10011/a12010.csv,183053,2571659,7434,6452629,0.19180758294299022,0.007885246452451086,18.0081186979106,0.36959365432173297
2011-12-01,勞工保險基金,普通事故及職業災害保險,451985984518,4519.8598,,23224912,188716,12月,https://www.blf.gov.tw/media/ukbjbgan/d-library-downloads-blf_cht_file_20170316-sitebuilderuploads-998-776d5cbfd453b78fc8a93126382dcb93.pdf?mediaDL=true,https://www.ris.gov.tw/info-popudata/app/awFastDownload/toMain_panel,https://events.bli.gov.tw/report/attachment_file/report/month/10012/a12010.csv,188716,2657935,7393,6635094,0.19461257141383356,0.008125585147534682,18.027334807339773,0.3710873107858576
2012-01-01,勞工保險基金,普通事故及職業災害保險,472861950826,4728.6195,,23230506,198131,1月,https://www.blf.gov.tw/media/tygfhmet/d-library-downloads-blf_cht_file_20170316-sitebuilderuploads-964-ec8ad30adddec4685a2dc2701f525a0f.pdf?mediaDL=true,https://www.ris.gov.tw/info-popudata/app/awFastDownload/toMain_panel,https://events.bli.gov.tw/report/attachment_file/report/month/10101/a12010.csv,198131,2805848,6588,6362549,0.20355215285710954,0.008528914522998336,18.09997394004302,0.3767556037229048
2012-02-01,勞工保險基金,普通事故及職業災害保險,489219873378,4892.1987,,23234003,204653,2月,https://www.blf.gov.tw/media/jq0fxnho/d-library-downloads-blf_cht_file_20170316-sitebuilderuploads-969-bc03f9791e87aad21213d9c3f06524ef.pdf?mediaDL=true,https://www.ris.gov.tw/info-popudata/app/awFastDownload/toMain_panel,https://events.bli.gov.tw/report/attachment_file/report/month/10102/a12010.csv,204653,2914015,6231,5604376,0.2105620255700234,0.008808340086725477,18.158884352157994,0.38137757499063885
2012-03-01,勞工保險基金,普通事故及職業災害保險,497663029835,4976.6303,,23239268,211677,3月,https://www.blf.gov.tw/media/4lzbesbq/d-library-downloads-blf_cht_file_20170316-sitebuilderuploads-968-804b4605d1e52a16fce0d3ac8036095d.pdf?mediaDL=true,https://www.ris.gov.tw/info-popudata/app/awFastDownload/toMain_panel,https://events.bli.gov.tw/report/attachment_file/report/month/10103/a12010.csv,211677,3025287,8348,7565016,0.2141474636098693,0.009108591544277556,18.182765668989596,0.3832574363644204
2012-04-01,勞工保險基金,普通事故及職業災害保險,501749910368,5017.4991,,23245018,220695,4月,https://www.blf.gov.tw/media/yd2cjer3/d-library-downloads-blf_cht_file_20170316-sitebuilderuploads-967-a8e1f15438637d71554556d898838308.pdf?mediaDL=true,https://www.ris.gov.tw/info-popudata/app/awFastDownload/toMain_panel,https://events.bli.gov.tw/report/attachment_file/report/month/10104/a12010.csv,220695,3168961,7363,6863527,0.21585266587790983,0.009494292497428912,18.185403725116593,0.3834653111654585
2012-05-01,勞工保險基金,普通事故及職業災害保險,503047578953,5030.4758,,23252392,228483,5月,https://www.blf.gov.tw/media/ozmp4ovv/d-library-downloads-blf_cht_file_20170316-sitebuilderuploads-970-7fafbbd552bbd89a1bbe56860d34b90f.pdf?mediaDL=true,https://www.ris.gov.tw/info-popudata/app/awFastDownload/toMain_panel,https://events.bli.gov.tw/report/attachment_file/report/month/10105/a12010.csv,228483,3297585,8073,7621370,0.21634229242006586,0.009826214868560619,18.180285776750562,0.3830620635497646
2012-06-01,勞工保險基金,普通事故及職業災害保險,517837730336,5178.3773,,23261747,235656,6月,https://www.blf.gov.tw/media/4yefbki1/d-library-downloads-blf_cht_file_20170316-sitebuilderuploads-971-451cf8bd6b576683f78670c26c4eb3b6.pdf?mediaDL=true,https://www.ris.gov.tw/info-popudata/app/awFastDownload/toMain_panel,https://events.bli.gov.tw/report/attachment_file/report/month/10106/a12010.csv,235656,3410474,6973,6847626,0.2226134306834306,0.010130623465210932,18.230383593787828,0.3870161573352383
2012-07-01,勞工保險基金,普通事故及職業災害保險,523886193674,5238.8619,,23268372,243976,7月,https://www.blf.gov.tw/media/fo5fxmk1/d-library-downloads-blf_cht_file_20170316-sitebuilderuploads-972-3e9a01e10876d706764779228980f99c.pdf?mediaDL=true,https://www.ris.gov.tw/info-popudata/app/awFastDownload/toMain_panel,https://events.bli.gov.tw/report/attachment_file/report/month/10107/a12010.csv,243976,3546210,9233,9738406,0.22514948345934988,0.010485305976713799,18.24201604424524,0.3879364327911036
2012-08-01,勞工保險基金,普通事故及職業災害保險,536240485299,5362.4049,,23276441,252904,8月,https://www.blf.gov.tw/media/0djkjyyz/d-library-downloads-blf_cht_file_20170316-sitebuilderuploads-973-6407e1c531b6c1f5e9f548c0dc473f88.pdf?mediaDL=true,https://www.ris.gov.tw/info-popudata/app/awFastDownload/toMain_panel,https://events.bli.gov.tw/report/attachment_file/report/month/10108/a12010.csv,252904,3694167,8553,8497887,0.23037907096664823,0.010865234938623134,18.27815175592344,0.3908003062030938
2012-09-01,勞工保險基金,普通事故及職業災害保險,546865436842,5468.6544,,23282670,260566,9月,https://www.blf.gov.tw/media/klsdkkr3/d-library-downloads-blf_cht_file_20170316-sitebuilderuploads-974-04bbc1fc1efd8259a2b19e30a6992c04.pdf?mediaDL=true,https://www.ris.gov.tw/info-popudata/app/awFastDownload/toMain_panel,https://events.bli.gov.tw/report/attachment_file/report/month/10109/a12010.csv,260566,3818936,8701,8699042,0.23488089503566384,0.011191414043148832,18.30881550820402,0.39323643273252273
2012-10-01,勞工保險基金,普通事故及職業災害保險,534692653749,5346.9265,,23293593,269865,10月,https://www.blf.gov.tw/media/sdeemi4h/d-library-downloads-blf_cht_file_20170316-sitebuilderuploads-975-fb5c8ee2b37ec6c6e55a1d7dde90826a.pdf?mediaDL=true,https://www.ris.gov.tw/info-popudata/app/awFastDownload/toMain_panel,https://events.bli.gov.tw/report/attachment_file/report/month/10110/a12010.csv,269865,3969558,17702,20852623,0.22954494557752428,0.011585374570595443,18.2466048697182,0.3882996879145436
2012-11-01,勞工保險基金,普通事故及職業災害保險,507799643822,5077.9964,,23305021,293322,11月,https://www.blf.gov.tw/media/ljco3zu1/1勞保基金規模-投資績效及資產配置.pdf?mediaDL=true,https://www.ris.gov.tw/info-popudata/app/awFastDownload/toMain_panel,https://events.bli.gov.tw/report/attachment_file/report/month/10111/a12010.csv,293322,4348017,37176,47937132,0.21789280679987372,0.01258621479036642,18.111028871269355,0.3776212683716255
2012-12-01,勞工保險基金,普通事故及職業災害保險,484531774943,4845.3177,,23315822,318973,12月,https://www.blf.gov.tw/media/f1af1lfw/d-library-downloads-blf_cht_file_20170316-sitebuilderuploads-977-7839258b34dc4c30f08759e65f7a107f.pdf?mediaDL=true,https://www.ris.gov.tw/info-popudata/app/awFastDownload/toMain_panel,https://events.bli.gov.tw/report/attachment_file/report/month/10112/a12010.csv,318973,4756626,32853,40178249,0.20781243523946957,0.01368053847726235,17.99099528773353,0.36826476206937975
2013-01-01,勞工保險基金,普通事故及職業災害保險,475278352240,4752.7835,,23324092,358111,1月,https://www.blf.gov.tw/media/ud0lczgo/d-library-downloads-blf_cht_file_20170316-sitebuilderuploads-859-447e75d307a76178c9bed8e903c06ece.pdf?mediaDL=true,https://www.ris.gov.tw/info-popudata/app/awFastDownload/toMain_panel,https://events.bli.gov.tw/report/attachment_file/report/month/10201/a12010.csv,358111,5372124,31882,38585872,0.2037714275179501,0.015353695226377945,17.91212334490618,0.3621698129513131
2013-02-01,勞工保險基金,普通事故及職業災害保險,477870530705,4778.7053,,23328602,379062,2月,https://www.blf.gov.tw/media/seel41ed/d-library-downloads-blf_cht_file_20170316-sitebuilderuploads-860-96b5de8b4f6d998fc2a33051c9b26f44.pdf?mediaDL=true,https://www.ris.gov.tw/info-popudata/app/awFastDownload/toMain_panel,https://events.bli.gov.tw/report/attachment_file/report/month/10202/a12010.csv,379062,5708387,10193,11137023,0.2048431923631772,0.01624880907994401,17.882853204257117,0.3599190290576157
2013-03-01,勞工保險基金,普通事故及職業災害保險,481834963513,4818.3496,,23332705,393604,3月,https://www.blf.gov.tw/media/44eny52i/d-library-downloads-blf_cht_file_20170316-sitebuilderuploads-861-11ed183ca877e5c967b991e3c3e4d3cb.pdf?mediaDL=true,https://www.ris.gov.tw/info-popudata/app/awFastDownload/toMain_panel,https://events.bli.gov.tw/report/attachment_file/report/month/10203/a12010.csv,393604,5939804,13047,14238148,0.20650625956698976,0.01686919712052246,17.86333607206192,0.35842163074404876
2013-04-01,勞工保險基金,普通事故及職業災害保險,484203055200,4842.0306,,23335580,413842,4月,https://www.blf.gov.tw/media/eorkg4sb/d-library-downloads-blf_cht_file_20170316-sitebuilderuploads-862-879b468fc110d7db4d8f80a10b28d767.pdf?mediaDL=true,https://www.ris.gov.tw/info-popudata/app/awFastDownload/toMain_panel,https://events.bli.gov.tw/report/attachment_file/report/month/10204/a12010.csv,413842,6263647,12510,13986038,0.2074956162220952,0.017734378147018417,17.810834499964283,0.354407336499219
2013-05-01,勞工保險基金,普通事故及職業災害保險,485691195960,4856.912,,23340136,428293,5月,https://www.blf.gov.tw/media/p1hn0kkl/d-library-downloads-blf_cht_file_20170316-sitebuilderuploads-863-3f46d4c9497115a78d6fcc0e14519a5d.pdf?mediaDL=true,https://www.ris.gov.tw/info-popudata/app/awFastDownload/toMain_panel,https://events.bli.gov.tw/report/attachment_file/report/month/10205/a12010.csv,428293,6496726,12804,14015652,0.20809270175632225,0.018350064455494176,17.77329472053659,0.3515495117001933
2013-06-01,勞工保險基金,普通事故及職業災害保險,482606546198,4826.0655,,23344213,440648,6月,https://www.blf.gov.tw/media/klwcwhc5/d-library-downloads-blf_cht_file_20170316-sitebuilderuploads-864-5adea55036662eb76ba106849388a0f6.pdf?mediaDL=true,https://www.ris.gov.tw/info-popudata/app/awFastDownload/toMain_panel,https://events.bli.gov.tw/report/attachment_file/report/month/10206/a12010.csv,440648,6693694,8743,9428151,0.20673498232645496,0.018876112893589515,17.72577890555235,0.3479474491070583
2013-07-01,勞工保險基金,普通事故及職業災害保險,491609631058,4916.0963,,23349724,453951,7月,https://www.blf.gov.tw/media/k4bpej0v/d-library-downloads-blf_cht_file_20170316-sitebuilderuploads-865-f0130da0bfc4349e90051e93931ab12d.pdf?mediaDL=true,https://www.ris.gov.tw/info-popudata/app/awFastDownload/toMain_panel,https://events.bli.gov.tw/report/attachment_file/report/month/10207/a12010.csv,453951,6912586,11887,13042582,0.21054194518873115,0.019441386116598208,17.722431759370075,0.34769435853656555
2013-08-01,勞工保險基金,普通事故及職業災害保險,489028350563,4890.2835,,23354061,464782,8月,https://www.blf.gov.tw/media/fqcprwfc/d-library-downloads-blf_cht_file_20170316-sitebuilderuploads-866-df7f9ae4e4c2c411f573a4be617d1665.pdf?mediaDL=true,https://www.ris.gov.tw/info-popudata/app/awFastDownload/toMain_panel,https://events.bli.gov.tw/report/attachment_file/report/month/10208/a12010.csv,464782,7099973,8707,8847271,0.20939756497296122,0.019901549456430724,17.68127341312988,0.34458928342975403
2013-09-01,勞工保險基金,普通事故及職業災害保險,500418030013,5004.1803,,23356588,473100,9月,https://www.blf.gov.tw/media/wljbdfrq/d-library-downloads-blf_cht_file_20170316-sitebuilderuploads-867-f854ec4c280b9634183c9d5c30e4ffc8.pdf?mediaDL=true,https://www.ris.gov.tw/info-popudata/app/awFastDownload/toMain_panel,https://events.bli.gov.tw/report/attachment_file/report/month/10209/a12010.csv,473100,7237123,8295,8538693,0.21425134099766627,0.02025552704872818,17.701634556294042,0.34612373386959866
2013-10-01,勞工保險基金,普通事故及職業災害保險,511690853472,5116.9085,,23361147,481174,10月,https://www.blf.gov.tw/media/wbifuexc/d-library-downloads-blf_cht_file_20170316-sitebuilderuploads-868-b0dcb1b6597e3b24def91e0695279c55.pdf?mediaDL=true,https://www.ris.gov.tw/info-popudata/app/awFastDownload/toMain_panel,https://events.bli.gov.tw/report/attachment_file/report/month/10210/a12010.csv,481174,7367458,10015,10313716,0.21903498722558445,0.020597190711569086,17.722358094803532,0.34768878944270504
2013-11-01,勞工保險基金,普通事故及職業災害保險,516072941175,5160.7294,,23367320,490035,11月,https://www.blf.gov.tw/media/slepgeau/d-library-downloads-blf_cht_file_20170316-sitebuilderuploads-869-e8a8857172854bb8d5420a06c0d3589a.pdf?mediaDL=true,https://www.ris.gov.tw/info-popudata/app/awFastDownload/toMain_panel,https://events.bli.gov.tw/report/attachment_file/report/month/10211/a12010.csv,490035,7514653,8191,8225025,0.22085243030651353,0.020970954307126363,17.712284635484423,0.34692762157133644
2013-12-01,勞工保險基金,普通事故及職業災害保險,527988810549,5279.8881,,23373517,497373,12月,https://www.blf.gov.tw/media/20od5hde/d-library-downloads-blf_cht_file_20170316-sitebuilderuploads-870-549dfbe59d1ed946b5de172d43826025.pdf?mediaDL=true,https://www.ris.gov.tw/info-popudata/app/awFastDownload/toMain_panel,https://events.bli.gov.tw/report/attachment_file/report/month/10212/a12010.csv,497373,7638129,8535,8524753,0.22589189746198657,0.02127933934803222,17.735792117190066,0.3487050988110222
2014-01-01,勞工保險基金,普通事故及職業災害保險,534017158951,5340.1716,,23377515,509720,1月.pdf,https://www.blf.gov.tw/media/3jlglifm/1月.pdf?mediaDL=true,https://www.ris.gov.tw/info-popudata/app/awFastDownload/toMain_panel,https://events.bli.gov.tw/report/attachment_file/report/month/10301/a12010.csv,509720,7849381,9397,10051693,0.2284319607755572,0.021803857253433482,17.724682691735573,0.3478645507090035
2014-02-01,勞工保險基金,普通事故及職業災害保險,544781079465,5447.8108,544781080000,23379129,519506,2月.pdf,https://www.blf.gov.tw/media/wkkp0l2s/2月.pdf?mediaDL=true,https://www.ris.gov.tw/info-popudata/app/awFastDownload/toMain_panel,https://events.bli.gov.tw/report/attachment_file/report/month/10302/a12010.csv,519506,8019020,5184,5250661,0.23302026327199787,0.022220930471789604,17.74020089370821,0.3490389318381079
2014-03-01,勞工保險基金,普通事故及職業災害保險,555829779387,5558.2978,555829780000,23379594,527225,3月.pdf,https://www.blf.gov.tw/media/4g0do3nl/3月.pdf?mediaDL=true,https://www.ris.gov.tw/info-popudata/app/awFastDownload/toMain_panel,https://events.bli.gov.tw/report/attachment_file/report/month/10303/a12010.csv,527225,8151550,8487,8608014,0.2377414164621507,0.022550648227680943,17.757830272782677,0.3503753083627346
2014-04-01,勞工保險基金,普通事故及職業災害保險,556905208431,5569.0521,556905210000,23382948,537923,4月.pdf,https://www.blf.gov.tw/media/dngnlieo/4月.pdf?mediaDL=true,https://www.ris.gov.tw/info-popudata/app/awFastDownload/toMain_panel,https://events.bli.gov.tw/report/attachment_file/report/month/10304/a12010.csv,537923,8336496,9062,9361240,0.23816723555601285,0.023004926496008972,17.73385909832579,0.3485587772036675
2014-05-01,勞工保險基金,普通事故及職業災害保險,571692193375,5716.9219,571692190000,23386883,548105,5月.pdf,https://www.blf.gov.tw/media/b2miyexk/5月.pdf?mediaDL=true,https://www.ris.gov.tw/info-popudata/app/awFastDownload/toMain_panel,https://events.bli.gov.tw/report/attachment_file/report/month/10305/a12010.csv,548105,8509749,8191,8345380,0.24444993091854095,0.02343642801821859,17.75923225507738,0.3504816853414965
2014-06-01,勞工保險基金,普通事故及職業災害保險,583124741570,5831.2474,583124740000,23392036,556498,6月.pdf,https://www.blf.gov.tw/media/lvhfky2p/6月.pdf?mediaDL=true,https://www.ris.gov.tw/info-popudata/app/awFastDownload/toMain_panel,https://events.bli.gov.tw/report/attachment_file/report/month/10306/a12010.csv,556498,8696427,7492,7727290,0.24928344910635397,0.023790062566593176,17.778743769657627,0.35196368279644374
2014-07-01,勞工保險基金,普通事故及職業災害保險,586580887083,5865.8089,586580890000,23398263,566760,7月.pdf,https://www.blf.gov.tw/media/b4eaomii/7月.pdf?mediaDL=true,https://www.ris.gov.tw/info-popudata/app/awFastDownload/toMain_panel,https://events.bli.gov.tw/report/attachment_file/report/month/10307/a12010.csv,566760,8872888,9141,10007696,0.2506942019939685,0.0242223108612806,17.764089110977896,0.3508503196381477
2014-08-01,勞工保險基金,普通事故及職業災害保險,597240883636,5972.4088,597240880000,23404243,577932,8月.pdf,https://www.blf.gov.tw/media/lkkl2ylj/8月.pdf?mediaDL=true,https://www.ris.gov.tw/info-popudata/app/awFastDownload/toMain_panel,https://events.bli.gov.tw/report/attachment_file/report/month/10308/a12010.csv,577932,9069200,8108,8168279,0.25518487550996627,0.024693471179563466,17.774828002374225,0.35166603076758085
2014-09-01,勞工保險基金,普通事故及職業災害保險,596371088990,5963.7109,596371090000,23410280,587032,9月.pdf,https://www.blf.gov.tw/media/znsazudv/9月.pdf?mediaDL=true,https://www.ris.gov.tw/info-popudata/app/awFastDownload/toMain_panel,https://events.bli.gov.tw/report/attachment_file/report/month/10309/a12010.csv,587032,9223310,8173,8319729,0.2547475250146517,0.02507582139128622,17.75115693506649,0.3498691654459214
2014-10-01,勞工保險基金,普通事故及職業災害保險,603730638276,6037.3064,603730640000,23417116,596990,10月.pdf,https://www.blf.gov.tw/media/x0rpg5pn/10月.pdf?mediaDL=true,https://www.ris.gov.tw/info-popudata/app/awFastDownload/toMain_panel,https://events.bli.gov.tw/report/attachment_file/report/month/10310/a12010.csv,596990,9393971,8891,8913699,0.2578159660122109,0.025493745685847908,17.754348085312106,0.3501111578593017
2014-11-01,勞工保險基金,普通事故及職業災害保險,616335105893,6163.3511,616335110000,23424615,606820,11月.pdf,https://www.blf.gov.tw/media/n0vg1rzk/11月.pdf?mediaDL=true,https://www.ris.gov.tw/info-popudata/app/awFastDownload/toMain_panel,https://events.bli.gov.tw/report/attachment_file/report/month/10311/a12010.csv,606820,9558111,7214,7014605,0.26311429489577526,0.025905228324990613,17.776262985973695,0.35177509583855027
2014-12-01,勞工保險基金,普通事故及職業災害保險,622459080279,6224.5908,622459080000,23433753,614960,12月.pdf,https://www.blf.gov.tw/media/fzzhhxdf/12月.pdf?mediaDL=true,https://www.ris.gov.tw/info-popudata/app/awFastDownload/toMain_panel,https://events.bli.gov.tw/report/attachment_file/report/month/10312/a12010.csv,614960,9698738,8127,8383047,0.26562500692014634,0.02624248877249837,17.778917346433257,0.35197687967682545
2015-01-01,勞工保險基金,普通事故及職業災害保險,627086988603,6270.8699,627086990000,23440278,629438,1月.pdf,https://www.blf.gov.tw/media/vtuf2uy5/1月.pdf?mediaDL=true,https://www.ris.gov.tw/info-popudata/app/awFastDownload/toMain_panel,https://events.bli.gov.tw/report/attachment_file/report/month/10401/a12010.csv,629438,9945171,9133,10024028,0.2675254058859712,0.026852838520089226,17.7622379899771,0.35070979894071747
2015-02-01,勞工保險基金,普通事故及職業災害保險,635671028021,6356.7103,635671030000,23445534,640144,2月.pdf,https://www.blf.gov.tw/media/uncnsv4e/2月.pdf?mediaDL=true,https://www.ris.gov.tw/info-popudata/app/awFastDownload/toMain_panel,https://events.bli.gov.tw/report/attachment_file/report/month/10402/a12010.csv,640144,10142807,5092,4875826,0.2711267007273112,0.027303451480354426,17.768694543461166,0.35120003543822675
2015-03-01,勞工保險基金,普通事故及職業災害保險,638526845344,6385.2685,638526850000,23449287,645659,3月.pdf,https://www.blf.gov.tw/media/at2bmhyo/3月.pdf?mediaDL=true,https://www.ris.gov.tw/info-popudata/app/awFastDownload/toMain_panel,https://events.bli.gov.tw/report/attachment_file/report/month/10403/a12010.csv,645659,10245640,8408,8286081,0.27230117715050356,0.027534270018529775,17.766320869940685,0.3510197693859999
2015-04-01,勞工保險基金,普通事故及職業災害保險,640473081880,6404.7308,640473080000,23452387,657030,4月.pdf,https://www.blf.gov.tw/media/3rkfsnzj/4月.pdf?mediaDL=true,https://www.ris.gov.tw/info-popudata/app/awFastDownload/toMain_panel,https://events.bli.gov.tw/report/attachment_file/report/month/10404/a12010.csv,657030,10446530,9061,9372821,0.27309505078523566,0.028015485161489107,17.74487637744896,0.34939312182905047
2015-05-01,勞工保險基金,普通事故及職業災害保險,646500427494,6465.0043,646500430000,23456545,666715,5月.pdf,https://www.blf.gov.tw/media/zbwd3qoc/5月.pdf?mediaDL=true,https://www.ris.gov.tw/info-popudata/app/awFastDownload/toMain_panel,https://events.bli.gov.tw/report/attachment_file/report/month/10405/a12010.csv,666715,10621696,8072,8091618,0.27561622033168137,0.028423410182531143,17.72459353071958,0.3478578085378546
2015-06-01,勞工保險基金,普通事故及職業災害保險,648989077108,6489.8908,648989080000,23461562,674558,6月.pdf,https://www.blf.gov.tw/media/gatevrd5/6月.pdf?mediaDL=true,https://www.ris.gov.tw/info-popudata/app/awFastDownload/toMain_panel,https://events.bli.gov.tw/report/attachment_file/report/month/10406/a12010.csv,674558,10801662,7811,8110293,0.27661801763582494,0.028751623613125162,17.705896666911777,0.3464453407237813
2015-07-01,勞工保險基金,普通事故及職業災害保險,648557887557,6485.5789,648557890000,23461708,685370,7月.pdf,https://www.blf.gov.tw/media/0xmfa1jw/7月.pdf?mediaDL=true,https://www.ris.gov.tw/info-popudata/app/awFastDownload/toMain_panel,https://events.bli.gov.tw/report/attachment_file/report/month/10407/11071102040.csv,685370,11002345,10269,11495478,0.2764325118857502,0.02921228070863383,16.409964698037307,0.25603526721529407
2015-08-01,勞工保險基金,普通事故及職業災害保險,647093487849,6470.9349,647093490000,23465003,696060,8月.pdf,https://www.blf.gov.tw/media/eg4pkbns/8月.pdf?mediaDL=true,https://www.ris.gov.tw/info-popudata/app/awFastDownload/toMain_panel,https://events.bli.gov.tw/report/attachment_file/report/month/10408/11071102040.csv,696060,11200663,8704,8902280,0.27576961650036863,0.029663750735510242,16.823208967750553,0.28314177488269954
2015-09-01,勞工保險基金,普通事故及職業災害保險,644692840720,6446.9284,644692840000,23468748,704281,9月.pdf,https://www.blf.gov.tw/media/dn3bpqpe/9月.pdf?mediaDL=true,https://www.ris.gov.tw/info-popudata/app/awFastDownload/toMain_panel,https://events.bli.gov.tw/report/attachment_file/report/month/10409/11071102040.csv,704281,11354994,8126,8701396,0.2747026985504297,0.030009312810380852,15.318346805743698,0.19301283648315581
2015-10-01,勞工保險基金,普通事故及職業災害保險,659467784119,6594.6778,659467780000,23476640,713700,10月.pdf,https://www.blf.gov.tw/media/0e3l0n2v/10月.pdf?mediaDL=true,https://www.ris.gov.tw/info-popudata/app/awFastDownload/toMain_panel,https://events.bli.gov.tw/report/attachment_file/report/month/10410/11071102040.csv,713700,11526250,9969,10421735,0.2809038193365831,0.03040043208908941,17.672480987829715,0.3439276694700796
2015-11-01,勞工保險基金,普通事故及職業災害保險,659113929050,6591.1393,659113930000,23483793,723703,11月.pdf,https://www.blf.gov.tw/media/2senxaql/11月.pdf?mediaDL=true,https://www.ris.gov.tw/info-popudata/app/awFastDownload/toMain_panel,https://events.bli.gov.tw/report/attachment_file/report/month/10411/11071102040.csv,723703,11708502,8827,8736445,0.28066757744372894,0.030817125666198812,17.648343485444613,0.3421144826291104
2015-12-01,勞工保險基金,普通事故及職業災害保險,657404248295,6574.0425,657404250000,23492074,731428,12月.pdf,https://www.blf.gov.tw/media/c2rjaxph/12月.pdf?mediaDL=true,https://www.ris.gov.tw/info-popudata/app/awFastDownload/toMain_panel,https://events.bli.gov.tw/report/attachment_file/report/month/10412/11071102040.csv,731428,11843504,9427,9569161,0.2798408724129679,0.031135096884166123,17.593706385029765,0.33802725151174906
2016-01-01,勞工保險基金,普通事故及職業災害保險,655912552442,6559.1255,655912550000,23496068,746097,1月.pdf,https://www.blf.gov.tw/media/iangceab/1月.pdf?mediaDL=true,https://www.ris.gov.tw/info-popudata/app/awFastDownload/toMain_panel,https://events.bli.gov.tw/report/attachment_file/report/month/10501/11071102040.csv,746097,12113770,10966,12114312,0.2791584329948313,0.03175412158323682,13.710101247540422,0.12275100471321658
2016-02-01,勞工保險基金,普通事故及職業災害保險,660935640035,6609.3564,660935640000,23496935,759230,2月.pdf,https://www.blf.gov.tw/media/yz3ovztp/2月.pdf?mediaDL=true,https://www.ris.gov.tw/info-popudata/app/awFastDownload/toMain_panel,https://events.bli.gov.tw/report/attachment_file/report/month/10502/11071102040.csv,759230,12358035,4599,4742594,0.28128589538805804,0.03231187386780446,11.723875526547513,0.06731351022192705
2016-03-01,勞工保險基金,普通事故及職業災害保險,676663565756,6766.6357,676663570000,23496813,767699,3月.pdf,https://www.blf.gov.tw/media/godpr323/3月.pdf?mediaDL=true,https://www.ris.gov.tw/info-popudata/app/awFastDownload/toMain_panel,https://events.bli.gov.tw/report/attachment_file/report/month/10503/11071102040.csv,767699,12520976,10325,10694427,0.28798099800002663,0.032672473496724856,11.568320071959993,0.06413025980168295
2016-04-01,勞工保險基金,普通事故及職業災害保險,670202796212,6702.028,670202800000,23499404,782973,4月.pdf,https://www.blf.gov.tw/media/punnrxpb/4月.pdf?mediaDL=true,https://www.ris.gov.tw/info-popudata/app/awFastDownload/toMain_panel,https://events.bli.gov.tw/report/attachment_file/report/month/10504/11071102040.csv,782973,12795430,9954,10631020,0.2851999123943739,0.0333188450226227,10.786912647648496,0.05016221718650836
2016-05-01,勞工保險基金,普通事故及職業災害保險,679943063387,6799.4306,679943060000,23503349,795651,5月.pdf,https://www.blf.gov.tw/media/2w5o5qqa/勞工保險基金-105年5月.pdf?mediaDL=true,https://www.ris.gov.tw/info-popudata/app/awFastDownload/toMain_panel,https://events.bli.gov.tw/report/attachment_file/report/month/10505/11071102040.csv,795651,13024250,9629,10036535,0.28929624598902903,0.03385266499680535,10.705165796399228,0.048879714306793144
2016-06-01,勞工保險基金,普通事故及職業災害保險,684968313284,6849.6831,684968310000,23508362,807158,6月.pdf,https://www.blf.gov.tw/media/1n4nieu4/勞工保險基金-105年6月.pdf?mediaDL=true,https://www.ris.gov.tw/info-popudata/app/awFastDownload/toMain_panel,https://events.bli.gov.tw/report/attachment_file/report/month/10506/11071102040.csv,807158,13230686,9148,9919163,0.2913721990855849,0.03433493154478394,10.641607701107798,0.04790412598079102
2016-07-01,勞工保險基金,普通事故及職業災害保險,691251183140,6912.5118,691251180000,23514750,822081,7月.pdf,https://www.blf.gov.tw/media/xpqpuev3/勞工保險基金-105年7月.pdf?mediaDL=true,https://www.ris.gov.tw/info-popudata/app/awFastDownload/toMain_panel,https://events.bli.gov.tw/report/attachment_file/report/month/10507/11071102040.csv,822081,13501647,10626,11830430,0.29396492973133886,0.034960227091506396,10.376592616914408,0.044032224624436955
2016-08-01,勞工保險基金,普通事故及職業災害保險,696614759402,6966.1476,696614760000,23516841,835678,8月.pdf,https://www.blf.gov.tw/media/efxlun0d/勞工保險基金-105年8月.pdf?mediaDL=true,https://www.ris.gov.tw/info-popudata/app/awFastDownload/toMain_panel,https://events.bli.gov.tw/report/attachment_file/report/month/10508/11071102040.csv,835678,13758031,10279,9860716,0.29621953025153336,0.03553530000054004,10.250447114082602,0.04229580849469557
2016-09-01,勞工保險基金,普通事故及職業災害保險,699939104910,6999.391,699939100000,23519518,847661,9月.pdf,https://www.blf.gov.tw/media/0h0ph50d/勞工保險基金-105年9月.pdf?mediaDL=true,https://www.ris.gov.tw/info-popudata/app/awFastDownload/toMain_panel,https://events.bli.gov.tw/report/attachment_file/report/month/10509/11071102040.csv,847661,13972665,8656,8734329,0.29759925560974504,0.03604074709354163,10.110077843783316,0.04044057171875542
2016-10-01,勞工保險基金,普通事故及職業災害保險,698254438561,6982.5444,698254440000,23526295,860056,10月.pdf,https://www.blf.gov.tw/media/pbif5ftl/勞工保險基金-105年10月.pdf?mediaDL=true,https://www.ris.gov.tw/info-popudata/app/awFastDownload/toMain_panel,https://events.bli.gov.tw/report/attachment_file/report/month/10510/11071102040.csv,860056,14196030,9816,9980709,0.2967974509207676,0.03655722246108025,9.908398266155546,0.03791094200383239
2016-11-01,勞工保險基金,普通事故及職業災害保險,694556603696,6945.566,694556600000,23532065,872195,11月.pdf,https://www.blf.gov.tw/media/xrln01xb/勞工保險基金-105年11月.pdf?mediaDL=true,https://www.ris.gov.tw/info-popudata/app/awFastDownload/toMain_panel,https://events.bli.gov.tw/report/attachment_file/report/month/10511/11071102040.csv,872195,14418469,9937,9808243,0.2951532743497011,0.03706410805851505,9.701886710898282,0.03547852787308261
2016-12-01,勞工保險基金,普通事故及職業災害保險,696539061866,6965.3906,696539060000,23539816,884481,12月.pdf,https://www.blf.gov.tw/media/zachynck/勞工保險基金-105年12月.pdf?mediaDL=true,https://www.ris.gov.tw/info-popudata/app/awFastDownload/toMain_panel,https://events.bli.gov.tw/report/attachment_file/report/month/10512/11071102040.csv,884481,14634704,10600,11283563,0.295898261000001,0.03757382810468867,9.583760976346653,0.03415548503614571
2017-01-01,勞工保險基金,普通事故及職業災害保險,699449452570,6994.4945,699449450000,23543346,904731,1月.pdf,https://www.blf.gov.tw/media/syanakqx/勞工保險基金-106年1月.pdf?mediaDL=true,https://www.ris.gov.tw/info-popudata/app/awFastDownload/toMain_panel,https://events.bli.gov.tw/report/attachment_file/report/month/10601/11071102040.csv,904731,15001743,11098,12976286,0.2970900791119495,0.03842831006263935,9.396234487644334,0.032152369963435234
2017-02-01,勞工保險基金,普通事故及職業災害保險,698641089351,6986.4109,698641090000,23544189,918010,2月.pdf,https://www.blf.gov.tw/media/3c1bzrbk/勞工保險基金-106年2月.pdf?mediaDL=true,https://www.ris.gov.tw/info-popudata/app/awFastDownload/toMain_panel,https://events.bli.gov.tw/report/attachment_file/report/month/10602/11071102040.csv,918010,15261183,9204,10245289,0.2967361030575315,0.0389909374240922,9.249926953144794,0.030668883705686406
2017-03-01,勞工保險基金,普通事故及職業災害保險,696767486201,6967.6749,696767490000,23545680,931757,3月.pdf,https://www.blf.gov.tw/media/h3yjltrb/勞工保險基金-106年3月.pdf?mediaDL=true,https://www.ris.gov.tw/info-popudata/app/awFastDownload/toMain_panel,https://events.bli.gov.tw/report/attachment_file/report/month/10603/11071102040.csv,931757,15518957,13828,15354672,0.2959215814540077,0.03957231220334261,9.098623302600988,0.029204522653883448
2017-04-01,勞工保險基金,普通事故及職業災害保險,700102664026,7001.0266,700102660000,23547448,949247,4月.pdf,https://www.blf.gov.tw/media/5cjpo5wq/勞工保險基金-106年4月.pdf?mediaDL=true,https://www.ris.gov.tw/info-popudata/app/awFastDownload/toMain_panel,https://events.bli.gov.tw/report/attachment_file/report/month/10604/11071102040.csv,949247,15840798,10726,11870647,0.29731572781305216,0.040312096665422084,8.980133711243294,0.028105314523198997
2017-05-01,勞工保險基金,普通事故及職業災害保險,705389664122,7053.8966,705389660000,23550077,962161,5月.pdf,https://www.blf.gov.tw/media/5vbftgoq/勞工保險基金-106年5月.pdf?mediaDL=true,https://www.ris.gov.tw/info-popudata/app/awFastDownload/toMain_panel,https://events.bli.gov.tw/report/attachment_file/report/month/10605/11071102040.csv,962161,16084715,11858,12843168,0.29952754045008007,0.04085595983401668,8.93626702237066,0.027708646524296603
2017-06-01,勞工保險基金,普通事故及職業災害保險,712970923749,7129.7092,712970920000,23552470,974100,6月.pdf,https://www.blf.gov.tw/media/wfxik2g4/勞工保險基金-106年6月.pdf?mediaDL=true,https://www.ris.gov.tw/info-popudata/app/awFastDownload/toMain_panel,https://events.bli.gov.tw/report/attachment_file/report/month/10606/11071102040.csv,974100,16359718,12634,14099605,0.3027159884925021,0.0413587194888689,8.928736914150756,0.027641104055015592
2017-07-01,勞工保險基金,普通事故及職業災害保險,712505547868,7125.0555,712505550000,23554803,990144,7月.pdf,https://www.blf.gov.tw/media/vpxpotda/勞工保險基金-106年7月.pdf?mediaDL=true,https://www.ris.gov.tw/info-popudata/app/awFastDownload/toMain_panel,https://events.bli.gov.tw/report/attachment_file/report/month/10607/11071102040.csv,990144,16656783,13197,15480939,0.30248843425606237,0.042035758057496805,8.794329928467468,0.0264620968557596
2017-08-01,勞工保險基金,普通事故及職業災害保險,715110109613,7151.1011,715110110000,23556169,1002557,8月.pdf,https://www.blf.gov.tw/media/ecibunya/勞工保險基金-106年8月.pdf?mediaDL=true,https://www.ris.gov.tw/info-popudata/app/awFastDownload/toMain_panel,https://events.bli.gov.tw/report/attachment_file/report/month/10608/11071102040.csv,1002557,16899609,11848,12166532,0.30357657461746007,0.04256027370155138,8.730567117068954,0.0259200236490838
2017-09-01,勞工保險基金,普通事故及職業災害保險,715556742642,7155.5674,715556740000,23557467,1012823,9月.pdf,https://www.blf.gov.tw/media/gerckmj0/勞工保險基金-106年9月.pdf?mediaDL=true,https://www.ris.gov.tw/info-popudata/app/awFastDownload/toMain_panel,https://events.bli.gov.tw/report/attachment_file/report/month/10609/11071102040.csv,1012823,17092988,10775,11362024,0.30374944073656135,0.042993714052533744,8.65994776099087,0.025332273286709464
2017-10-01,勞工保險基金,普通事故及職業災害保險,722101756685,7221.0176,722101760000,23562318,1023999,10月.pdf,https://www.blf.gov.tw/media/gsqf14sv/勞工保險基金-106年10月.pdf?mediaDL=true,https://www.ris.gov.tw/info-popudata/app/awFastDownload/toMain_panel,https://events.bli.gov.tw/report/attachment_file/report/month/10610/11071102040.csv,1023999,17298931,9842,10258202,0.30646465117948074,0.043459179186020665,8.65382312257411,0.025281915208579708
2017-11-01,勞工保險基金,普通事故及職業災害保險,722333963240,7223.3396,722333960000,23566853,1033131,11月.pdf,https://www.blf.gov.tw/media/eqmnfoma/勞工保險基金-106年11月.pdf?mediaDL=true,https://www.ris.gov.tw/info-popudata/app/awFastDownload/toMain_panel,https://events.bli.gov.tw/report/attachment_file/report/month/10611/11071102040.csv,1033131,17470525,10582,10455596,0.30650420878850476,0.043838309680125725,8.590281950688468,0.02476518721946271
2017-12-01,勞工保險基金,普通事故及職業災害保險,723110228790,7231.1023,723110230000,23571227,1041873,12月.pdf,https://www.blf.gov.tw/media/zsibakdm/勞工保險基金-106年12月.pdf?mediaDL=true,https://www.ris.gov.tw/info-popudata/app/awFastDownload/toMain_panel,https://events.bli.gov.tw/report/attachment_file/report/month/10612/11071102040.csv,1041873,17634771,9406,9764689,0.30677665986161856,0.044201050713227615,8.538207862987797,0.024349398644535836
2018-01-01,勞工保險基金,普通事故及職業災害保險,733351980949,7333.5198,733351980000,23572049,1055919,1月.pdf,https://www.blf.gov.tw/media/ng4dsr1b/勞工保險基金-107年1月.pdf?mediaDL=true,https://www.ris.gov.tw/info-popudata/app/awFastDownload/toMain_panel,https://events.bli.gov.tw/report/attachment_file/report/month/10701/11071102040.csv,1055919,17896535,12156,13622754,0.3111108334065486,0.04479538456754438,8.556265599944055,0.02449280503435692
2018-02-01,勞工保險基金,普通事故及職業災害保險,717875513961,7178.7551,717875510000,23571408,1067821,2月.pdf,https://www.blf.gov.tw/media/ylvjdae5/勞工保險基金-107年2月.pdf?mediaDL=true,https://www.ris.gov.tw/info-popudata/app/awFastDownload/toMain_panel,https://events.bli.gov.tw/report/attachment_file/report/month/10702/11071102040.csv,1067821,18126418,5716,5980715,0.3045535141392487,0.04530153650558338,8.310904116797087,0.022612832638326866
2018-03-01,勞工保險基金,普通事故及職業災害保險,715353562392,7153.5356,715353560000,23571990,1075389,3月.pdf,https://www.blf.gov.tw/media/xlgea1bc/勞工保險基金-107年3月.pdf?mediaDL=true,https://www.ris.gov.tw/info-popudata/app/awFastDownload/toMain_panel,https://events.bli.gov.tw/report/attachment_file/report/month/10703/11071102040.csv,1075389,18273730,9979,10776182,0.3034761012506793,0.04562147701572926,8.234793041362307,0.022058849128641842
2018-04-01,勞工保險基金,普通事故及職業災害保險,714692509596,7146.9251,714692510000,23571497,1087878,4月.pdf,https://www.blf.gov.tw/media/clqmr3u4/勞工保險基金-107年4月.pdf?mediaDL=true,https://www.ris.gov.tw/info-popudata/app/awFastDownload/toMain_panel,https://events.bli.gov.tw/report/attachment_file/report/month/10704/11071102040.csv,1087878,18499580,8265,9181489,0.3032020026543074,0.046152266018573196,8.15186335352534,0.021470335128023474
2018-05-01,勞工保險基金,普通事故及職業災害保險,720557471307,7205.5747,720557470000,23572415,1097147,5月.pdf,https://www.blf.gov.tw/media/4twjlmvm/勞工保險基金-107年5月.pdf?mediaDL=true,https://www.ris.gov.tw/info-popudata/app/awFastDownload/toMain_panel,https://events.bli.gov.tw/report/attachment_file/report/month/10705/11071102040.csv,1097147,18683423,10103,11017582,0.30567825626139705,0.04654368252043756,8.157946818142504,0.021512979726967887
2018-06-01,勞工保險基金,普通事故及職業災害保險,718677935744,7186.7794,718677940000,23574274,1106566,6月.pdf,https://www.blf.gov.tw/media/u2qf0u4s/勞工保險基金-107年6月.pdf?mediaDL=true,https://www.ris.gov.tw/info-popudata/app/awFastDownload/toMain_panel,https://events.bli.gov.tw/report/attachment_file/report/month/10706/11071102040.csv,1106566,18854637,8144,9205134,0.3048568688664601,0.04693955792657708,8.083510048856894,0.02099683184032428
2018-07-01,勞工保險基金,普通事故及職業災害保險,726914228672,7269.1423,726914230000,23576705,1118395,7月.pdf,https://www.blf.gov.tw/media/z3sbd1hj/勞工保險基金-107年7月.pdf?mediaDL=true,https://www.ris.gov.tw/info-popudata/app/awFastDownload/toMain_panel,https://events.bli.gov.tw/report/attachment_file/report/month/10707/11071102040.csv,1118395,19080406,10675,12626973,0.3083188378834108,0.0474364420303855,8.10035160299648,0.021112540815840557
2018-08-01,勞工保險基金,普通事故及職業災害保險,731778538366,7317.7854,731778540000,23577271,1129083,8月.pdf,https://www.blf.gov.tw/media/twiln32k/勞工保險基金-107年8月.pdf?mediaDL=true,https://www.ris.gov.tw/info-popudata/app/awFastDownload/toMain_panel,https://events.bli.gov.tw/report/attachment_file/report/month/10708/11071102040.csv,1129083,19290716,10229,11342506,0.310374571495573,0.04788862120641528,8.088891989857453,0.0210337405436505
2018-09-01,勞工保險基金,普通事故及職業災害保險,729796780721,7297.9678,729796780000,23577488,1138473,9月.pdf,https://www.blf.gov.tw/media/orbn5v3u/勞工保險基金-107年9月.pdf?mediaDL=true,https://www.ris.gov.tw/info-popudata/app/awFastDownload/toMain_panel,https://events.bli.gov.tw/report/attachment_file/report/month/10709/11071102040.csv,1138473,19462624,7667,8671463,0.30953118530735757,0.04828644171083875,8.017175552822554,0.020547090400054792
2018-10-01,勞工保險基金,普通事故及職業災害保險,701772540214,7017.7254,701772540000,23580833,1147843,10月.pdf,https://www.blf.gov.tw/media/qxsiqi25/勞工保險基金-107年10月.pdf?mediaDL=true,https://www.ris.gov.tw/info-popudata/app/awFastDownload/toMain_panel,https://events.bli.gov.tw/report/attachment_file/report/month/10710/11071102040.csv,1147843,19641716,9759,11028890,0.2976029473657695,0.048676948774455935,7.686276970480318,0.01844084314192737
2018-11-01,勞工保險基金,普通事故及職業災害保險,701721934258,7017.2193,701721930000,23584865,1157420,11月.pdf,https://www.blf.gov.tw/media/rhuc3ybg/勞工保險基金-107年11月.pdf?mediaDL=true,https://www.ris.gov.tw/info-popudata/app/awFastDownload/toMain_panel,https://events.bli.gov.tw/report/attachment_file/report/month/10711/11071102040.csv,1157420,19817923,8178,8966090,0.2975306130681689,0.04907469260477005,7.635250024064214,0.01813547589815594
2018-12-01,勞工保險基金,普通事故及職業災害保險,685960207268,6859.6021,685960210000,23588932,1165766,12月.pdf,https://www.blf.gov.tw/media/fxzpxeyn/勞工保險基金-107年12月.pdf?mediaDL=true,https://www.ris.gov.tw/info-popudata/app/awFastDownload/toMain_panel,https://events.bli.gov.tw/report/attachment_file/report/month/10712/11071102040.csv,1165766,19968001,8062,8902440,0.2907974838657384,0.04942004156864754,7.43674955942139,0.01699407912357173
2019-01-01,勞工保險基金,普通事故及職業災害保險,707591798690,7075.918,707591800000,23590744,1178437,1月.pdf,https://www.blf.gov.tw/media/grjb5uvs/勞工保險基金-108年1月.pdf?mediaDL=true,https://www.ris.gov.tw/info-popudata/app/awFastDownload/toMain_panel,https://events.bli.gov.tw/report/attachment_file/report/month/10801/11071102040.csv,1178437,20207355,10962,12308875,0.29994467266059943,0.049953363064768115,7.584493379306862,0.017836651796850757
2019-02-01,勞工保險基金,普通事故及職業災害保險,713222981731,7132.2298,713222980000,23590004,1189192,2月.pdf,https://www.blf.gov.tw/media/dtmjk4ch/勞工保險基金-108年2月.pdf?mediaDL=true,https://www.ris.gov.tw/info-popudata/app/awFastDownload/toMain_panel,https://events.bli.gov.tw/report/attachment_file/report/month/10802/11071102040.csv,1189192,20424766,6322,6479354,0.3023411872804261,0.050410843508123186,7.584702836802054,0.017837874965464934
2019-03-01,勞工保險基金,普通事故及職業災害保險,719808003639,7198.08,719808000000,23589192,1196628,3月.pdf,https://www.blf.gov.tw/media/2jvbgrci/勞工保險基金-108年3月.pdf?mediaDL=true,https://www.ris.gov.tw/info-popudata/app/awFastDownload/toMain_panel,https://events.bli.gov.tw/report/attachment_file/report/month/10803/11071102040.csv,1196628,20575036,10272,11107279,0.3051431365851785,0.05072780788761226,7.611739290733173,0.017996453018014513
2019-04-01,勞工保險基金,普通事故及職業災害保險,727513683953,7275.1368,727513680000,23589312,1207216,4月.pdf,https://www.blf.gov.tw/media/53ia1an5/勞工保險基金-108年4月.pdf?mediaDL=true,https://www.ris.gov.tw/info-popudata/app/awFastDownload/toMain_panel,https://events.bli.gov.tw/report/attachment_file/report/month/10804/11071102040.csv,1207216,20781916,9556,10372069,0.30840818246543183,0.051176397175127446,7.633989485729961,0.018127995453757876
2019-05-01,勞工保險基金,普通事故及職業災害保險,717505139577,7175.0514,717505140000,23589870,1215722,5月.pdf,https://www.blf.gov.tw/media/sa2jgdx3/勞工保險基金-108年5月.pdf?mediaDL=true,https://www.ris.gov.tw/info-popudata/app/awFastDownload/toMain_panel,https://events.bli.gov.tw/report/attachment_file/report/month/10805/11071102040.csv,1215722,20953752,10473,11260178,0.3041581575383841,0.05153576513986724,7.49485366922219,0.01732067263842096
2019-06-01,勞工保險基金,普通事故及職業災害保險,727998369978,7279.9837,727998370000,23591031,1223681,6月.pdf,https://www.blf.gov.tw/media/1t0dd3ah/勞工保險基金-108年6月.pdf?mediaDL=true,https://www.ris.gov.tw/info-popudata/app/awFastDownload/toMain_panel,https://events.bli.gov.tw/report/attachment_file/report/month/10806/11071102040.csv,1223681,21231682,8386,9440625,0.30859116330184977,0.051870602857501225,7.555949752746288,0.017670733647510466
2019-07-01,勞工保險基金,普通事故及職業災害保險,728098117864,7280.9812,728098120000,23592598,1233953,7月.pdf,https://www.blf.gov.tw/media/10xjxerp/勞工保險基金-108年7月.pdf?mediaDL=true,https://www.ris.gov.tw/info-popudata/app/awFastDownload/toMain_panel,https://events.bli.gov.tw/report/attachment_file/report/month/10807/11071102040.csv,1233953,21439197,11206,12339682,0.30861294625712693,0.05230254845184918,7.50783222919873,0.01739446118792847
2019-08-01,勞工保險基金,普通事故及職業災害保險,729201022259,7292.0102,729201020000,23593794,1243565,8月.pdf,https://www.blf.gov.tw/media/ig2hadzr/勞工保險基金-108年8月.pdf?mediaDL=true,https://www.ris.gov.tw/info-popudata/app/awFastDownload/toMain_panel,https://events.bli.gov.tw/report/attachment_file/report/month/10808/11071102040.csv,1243565,21638503,9024,9465514,0.30906475756251833,0.05270729243461225,7.473094650070031,0.01719765284881809
2019-09-01,勞工保險基金,普通事故及職業災害保險,730270407136,7302.7041,730270410000,23593783,1251057,9月.pdf,https://www.blf.gov.tw/media/jhjabrdq/勞工保險基金-108年9月.pdf?mediaDL=true,https://www.ris.gov.tw/info-popudata/app/awFastDownload/toMain_panel,https://events.bli.gov.tw/report/attachment_file/report/month/10809/11071102040.csv,1251057,21783476,7490,7822302,0.3095181502415276,0.053024858285761124,7.448094430878627,0.017057367734010134
2019-10-01,勞工保險基金,普通事故及職業災害保險,734414508336,7344.1451,734414510000,23596266,1258561,10月.pdf,https://www.blf.gov.tw/media/4axflnkn/勞工保險基金-108年10月.pdf?mediaDL=true,https://www.ris.gov.tw/info-popudata/app/awFastDownload/toMain_panel,https://events.bli.gov.tw/report/attachment_file/report/month/10810/11071102040.csv,1258561,21933836,9706,10010411,0.31124183306629954,0.05333729497709511,7.450016627874298,0.0170681138423868
2019-11-01,勞工保險基金,普通事故及職業災害保險,740422936629,7404.2294,740422940000,23598776,1266216,11月.pdf,https://www.blf.gov.tw/media/hmfeqh5a/勞工保險基金-108年11月.pdf?mediaDL=true,https://www.ris.gov.tw/info-popudata/app/awFastDownload/toMain_panel,https://events.bli.gov.tw/report/attachment_file/report/month/10811/11071102040.csv,1266216,22087209,8160,7995429,0.31375480517676,0.05365600317575793,7.470160876926377,0.017181131876589886
2019-12-01,勞工保險基金,普通事故及職業災害保險,741003035829,7410.0304,741003040000,23603121,1273387,12月.pdf,https://www.blf.gov.tw/media/fxijjxcj/勞工保險基金-108年12月.pdf?mediaDL=true,https://www.ris.gov.tw/info-popudata/app/awFastDownload/toMain_panel,https://events.bli.gov.tw/report/attachment_file/report/month/10812/11071102040.csv,1273387,22228817,9119,9258385,0.313942819608051,0.05394994162000864,7.443689013690022,0.017032764170927087
